component	lightcast
11-1011	0.11973524580483773
11-1021	0.03815664306098721
11-1031	0.018292682926829267
11-2011	0.06372089262613195
11-2021	0.0849395665106518
11-2022	0.07606705418585198
11-2032 | 11-2033	0.045577180866407614
11-3012 | 11-3013	0.18743399740005534
11-3021	0.251451460461767
11-3031	0.19095006309716964
11-3051	0.12648825955636386
11-3061	0.11409488601355515
11-3071	0.14163399654403472
11-3111	0.2485778108711839
11-3121	0.1479655387170438
11-3131	0.10422780630961115
11-9013	0.32228360957642727
11-9021	0.06780302478929824
11-9031	0.05868398052191285
11-9032	0.14717625403487555
11-9033	0.23253286683630195
11-9041	0.2008149195470677
11-9051	0.010621960238160786
11-9071	0.0
11-9081	0.04561356522321354
11-9111	0.15774774352943122
11-9121	0.3220514917996722
11-9131	0.028094820017559263
11-9141	0.08779466725123374
11-9151	0.12698412698412698
11-9161	0.04518664047151277
11-9171 | 39-4031	0.2975124378109453
13-1011	0.14102898929224342
13-1021 | 13-1022 | 13-1023	0.09985091600112418
13-1031	0.1970647006132433
13-1032	0.0420795090498655
13-1041	0.3119764048821813
13-1051	0.0710950355030463
13-1071 | 13-1075	0.15245839977537734
13-1074	0.0
13-1081	0.222174739490742
13-1082 | 13-1199	0.27249923274938775
13-1111	0.24173366110778907
13-1121	0.08494541836167287
13-1131 | 41-9099	0.1105303910181959
13-1141	0.23504297138559213
13-1151	0.1314436230550831
13-1161	0.13714834531054687
13-2011	0.3419213829996134
13-2022 | 13-2023	0.18489915751850905
13-2031	0.13384941940317144
13-2041	0.13509493393997726
13-2052	0.0506729513783391
13-2053	0.06794789150438842
13-2054 | 13-2099	0.3074828654586424
13-2061	0.3634085213032581
13-2071	0.11588164251207729
13-2072	0.06416839461273295
13-2081	0.12182183396694438
13-2082	0.0628773998247431
15-1211	0.32165802632687285
15-1212 | 15-1241 | 15-1254 | 15-1255	0.2648723544157758
15-1221	0.23259719539843815
15-1231 | 15-1232	0.1880944392715374
15-1242 | 15-1243	0.7900146336670867
15-1244	0.2314143852489443
15-1251	0.30792847289390646
15-1252 | 15-1253	0.26
15-2011	0.13813818702787184
15-2021	0.0539118231785756
15-2031	0.3114973348828452
15-2041	0.4728112083310967
15-2051 | 15-2099	0.41471140042384147
17-1011	0.062147415148432444
17-1012	0.1127177700348432
17-1021	0.38596491228070173
17-1022	0.14754926730672058
17-2011	0.10725929868920088
17-2031	0.09656675203346211
17-2041	0.0633077243761539
17-2051	0.08217313422247446
17-2061	0.1217420514948525
17-2071	0.09382874137717377
17-2072	0.12236431976530987
17-2081	0.17888051802502958
17-2111	0.135176596503746
17-2112	0.13376319973401574
17-2121	0.043331076506431955
17-2131	0.07084265473527218
17-2141	0.13816678863150889
17-2151	0.26695562435500514
17-2161	0.18754097383634305
17-2171	0.08726639214444093
17-3011	0.04885016930022573
17-3012	0.10003445503617779
17-3013	0.03798380919481534
17-3021	0.11139564660691421
17-3022	0.17113349265961078
17-3023	0.09055474688662461
17-3024	0.17323936744917
17-3025	0.3226643598615917
17-3026	0.14104152349260318
17-3027	0.038079018966253333
17-3031	0.21283783783783783
19-1011	0.125
19-1012	0.06542056074766354
19-1013	0.10724743777452415
19-1021	0.07385952208544533
19-1022	0.2003543243678531
19-1023	0.24627579609129424
19-1031	0.0804947545654708
19-1032	0.2128060263653484
19-1041	0.44745762711864406
19-1042	0.09323686061702341
19-2011	0.0
19-2012	0.1259171464047861
19-2021	0.08326787117046347
19-2031	0.12354622402989997
19-2032	0.17762512266928362
19-2041	0.22540796095775506
19-2042	0.33304922224589817
19-2043	0.1858108108108108
19-3011	0.211020437639922
19-3022	0.489010989010989
19-3032	0.16741201633287964
19-3034	0.034017792850340296
19-3041	0.5868852459016394
19-3051	0.11977030352748154
19-3091	0.1828955797565663
19-3092	0.20305980528511822
19-3093	0.22916666666666666
19-3094	0.05490848585690516
19-4012 | 19-4013	0.2578993447059136
19-4021	0.37393422655298414
19-4031	0.10755555555555556
19-4042	0.17688360788549826
19-4043 | 19-4044	0.4384525205158265
19-4051	0.10051282051282051
19-4061	0.2899851650700259
19-4071	0.07197696737044146
19-4092	0.10264150943396226
19-5011	0.15000447434572864
19-5012	0.03821656050955414
21-1011 | 21-1014	0.11183840252881538
21-1012	0.11030898547818385
21-1013	0.09696232273223127
21-1015	0.09575755963229522
21-1021	0.12178283188940837
21-1022	0.20512074483561246
21-1023	0.12203529250474941
21-1091	0.07765399737876802
21-1092	0.04
21-1093	0.1381647374601577
21-1094 | 21-1099	0.16768535742758436
21-2011	0.025430993427945518
21-2021	0.007865168539325843
23-1011	0.08346312261335023
23-1012	0.1519756838905775
23-1021	0.3648293963254593
23-1022	0.1494013534617387
23-1023	0.10391566265060241
23-2011	0.25187839026535697
23-2093	0.2570337463954485
25-1011	0.09366925064599484
25-1021	0.09764991896272285
25-1022	0.04751810634163575
25-1031	0.10752842953793004
25-1032	0.029914529914529916
25-1041	0.08957415565345081
25-1042	0.010587012004915398
25-1043	0.05907172995780591
25-1051	0.02702702702702703
25-1052	0.01129267968646207
25-1053	0.0
25-1054	0.21468926553672316
25-1061	0.009720534629404616
25-1062	0.08211143695014662
25-1063	0.015027419699451606
25-1064	0.10144927536231885
25-1065	0.3333333333333333
25-1066	0.013274961163677447
25-1067	0.11267605633802817
25-1071	0.13995345228859582
25-1072	0.02776791040274529
25-1081	0.25925925925925924
25-1082	0.07928015564202334
25-1111	0.012791141657121039
25-1112	0.75
25-1113	0.04510972134848092
25-1121	0.021352313167259787
25-1122	0.009888220120378332
25-1123	0.008454368090179926
25-1124	0.04380791912384162
25-1125	0.0010922992900054614
25-1126	0.0035049288061336256
25-1192	0.014044943820224719
25-1193	0.08955223880597014
25-1194	0.21905424200278165
25-2011	0.019634738987302086
25-2012	0.02792362532506699
25-2021	0.04888607419231703
25-2022	0.12755916510356388
25-2023	0.27979048450458316
25-2031	0.030352748154224774
25-2032	0.05264235968865219
25-2051 | 25-2055 | 25-2056	0.09502064077740839
25-2057	0.053929481081412836
25-2058	0.32023249377248825
25-3011	0.03690182535767143
25-3021	0.043717277486910996
25-3031 | 25-3041	0.03011414965392404
25-4011	0.05478810583001639
25-4012	0.18740858505564387
25-4013	0.17132867132867133
25-4022	0.11469452967042289
25-4031	0.13887198689445354
25-9021	0.09060438391147052
25-9031	0.07697244151692739
25-9042 | 25-9043 | 25-9049	0.04688541464525873
25-9044	0.16904422253922968
27-1011	0.015486527616148956
27-1012	0.2513339466421343
27-1013	0.015996194214015998
27-1014	0.028541660089034825
27-1021	0.05015686274509804
27-1022	0.017681559427289977
27-1023	0.008681135225375626
27-1024	0.024041144077048108
27-1025	0.03486045644138493
27-1026	0.036740306116590696
27-1027	0.19609756097560976
27-2012	0.027168520824977307
27-2021	0.18301778542742397
27-2022	0.020873629916183106
27-2023	0.03528114663726571
27-2032	0.05918057663125948
27-2041	0.02330641295128517
27-3011	0.02877697841726619
27-3023	0.06281698747326611
27-3031	0.08689426273637005
27-3041	0.043846933208635336
27-3042	0.10906541922378153
27-3043	0.0820116628904654
27-3091	0.10491605875187275
27-3092	0.6101021566401816
27-4011	0.025727970160640868
27-4012	0.03887227680478428
27-4014	0.01867219917012448
27-4015	0.02564102564102564
27-4021	0.013849979185652726
27-4031	0.008310249307479225
27-4032	0.02375478927203065
29-1011	0.1316348195329087
29-1021	0.09072869847948742
29-1022	0.012213397272591039
29-1023	0.03260869565217391
29-1024	0.0
29-1031	0.06661143503248766
29-1041	0.12880418075622502
29-1051	0.16645814266487213
29-1071	0.12710056396353112
29-1081	0.03731252286306548
29-1122	0.0931739584657925
29-1123	0.11944000527208923
29-1124	0.11426899864515334
29-1125	0.1232141780698053
29-1126	0.12545931205845504
29-1127	0.10888436753681115
29-1128 | 29-1129	0.1707035755478662
29-1131	0.30394444842150475
29-1141 | 29-1151 | 29-1161 | 29-1171	0.1530632876285274
29-1181	0.08531329850120133
29-1211	0.01665095821551995
29-1212 | 29-1213 | 29-1214 | 29-1217 | 29-1222 | 29-1224 | 29-1229 | 29-1241	0.113020578168263
29-1215	0.04536844043016883
29-1216	0.06708006969881115
29-1218	0.10447865531597589
29-1221	0.037720569988114364
29-1223	0.12520974417664116
29-1242 | 29-1243 | 29-1249	0.08884574313173478
29-1291	0.07366482504604052
29-1292	0.11522995302943263
29-2011 | 29-2012	0.2197150100748572
29-2031	0.08115074142318154
29-2032	0.10398330195151144
29-2033	0.09134360063728093
29-2034 | 29-2035	0.10723653624294742
29-2036 | 29-2057 | 29-2072 | 29-2092	0.6778046418859763
29-2042 | 29-2043	0.23112980140912973
29-2051	0.11250622354991287
29-2052	0.2926453033504864
29-2053	0.16244712929795802
29-2055	0.1086005722842444
29-2056	0.22071682853489097
29-2061	0.18823221507485893
29-2081	0.08706804085249266
29-2091	0.40540540540540543
29-9091	0.12832631919715118
29-9092 | 29-9093	0.05017986223800824
31-1121 | 31-1122	0.07685651619408067
31-1131 | 31-1132	0.12480059356144585
31-1133	0.03134796238244514
31-2011	0.09249254795729377
31-2012	0.07262996941896024
31-2021	0.10147275917430053
31-2022	0.13068775975331814
31-9011	0.041916211399690324
31-9091	0.054131549222347725
31-9092	0.367509412676502
31-9093	0.03841888871828992
31-9094	0.2172841322982966
31-9095	0.20548960367113683
31-9096	0.16583771834979216
31-9097 | 31-9099	0.49619765834105006
33-1011	0.0737149892274546
33-1012	0.08865411116214975
33-1021	0.16837899543378995
33-1091 | 33-1099	0.11070561213510582
33-2011	0.10808373590982287
33-2021	0.17411300919842312
33-2022	0.450026723677178
33-3011	0.2809917355371901
33-3012	0.022106631989596878
33-3021	0.40022244258033396
33-3031	0.1927710843373494
33-3041	0.11483967188665176
33-3051	0.15390200977194687
33-3052	0.09819967266775777
33-9011	0.07317073170731707
33-9021	0.20672620178605358
33-9031	0.3380281690140845
33-9032	0.023623526291946122
33-9091	0.0016420361247947454
33-9092	0.011306941431670282
33-9093	0.02077265813911822
33-9094 | 33-9099	0.03693659030977562
35-1011	0.01763608778423092
35-1012	0.008543808097323378
35-2011	0.008488254544831486
35-2012	0.013197413780348874
35-2013	0.003703703703703704
35-2014	0.00426713241259201
35-2015	0.004995418403239632
35-2021	0.009652048432258866
35-3011	0.0047627391782695
35-3023	0.036226088950963124
35-3031	0.007381156731913951
35-3041	0.006393640919301884
35-9011	0.023712035995500563
35-9021	0.005214229818725512
35-9031	0.010679472226016722
37-1011	0.018894099957038522
37-1012	0.02268710954028424
37-2011	0.009059542041072384
37-2012	0.021396544647766257
37-2021	0.011610415474904129
37-3011	0.015433937640082844
37-3012	0.01337568968399933
37-3013	0.023661567877629065
39-1013	0.05298353909465021
39-2011	0.005320778895172298
39-2021	0.003229263413588626
39-3011	0.033854166666666664
39-3012	0.12087912087912088
39-3021	0.0
39-3031	0.012385476756023075
39-3091	0.03271812080536913
39-3092	0.0
39-3093	0.007840868114082534
39-4011	0.0625
39-4012	0.004347826086956522
39-4021	0.10204405007130407
39-5011	0.0
39-5012	0.0018941331473300784
39-5091	0.006897740989825832
39-5092	0.005817174515235457
39-5094	0.021897050016923998
39-6011	0.017105544596810608
39-6012	0.05835156374124635
39-9011	0.004045714042602977
39-9031	0.013168599125641512
39-9032	0.023168488167942137
39-9041	0.06080926103323124
41-1011	0.03713392748997633
41-1012	0.04043100647212245
41-2011	0.021626839379182018
41-2012	0.03648648648648649
41-2021	0.008713761166219105
41-2022	0.16823046749019344
41-2031	0.024154810598457817
41-3011	0.02666655379748366
41-3021	0.025933429966391985
41-3031	0.025808469668846097
41-3041	0.03946190570917048
41-3091	0.03724247600532271
41-4011	0.05787572554062549
41-4012	0.03561267536544688
41-9011	0.008486060918946825
41-9012	0.010498687664041995
41-9021	0.026152882338575236
41-9022	0.07195284833780588
41-9031	0.14673635767312557
41-9041	0.04754609471590604
41-9091	0.1571683337210204
43-1011	0.14530791326031375
43-2011	0.10852999016715831
43-2021	0.05891472868217054
43-3011	0.15324147431561325
43-3021	0.38777572105988983
43-3031	0.2919972296791202
43-3041	0.11087539079946404
43-3051	0.30873630777451244
43-3061	0.18097829738627966
43-3071	0.03454496327009842
43-4011	0.42686804451510335
43-4021	0.302707136997539
43-4031	0.3120595144870791
43-4041	0.2685471406491499
43-4051	0.15171853852536663
43-4061	0.2906906906906907
43-4071	0.47875803804450184
43-4081	0.07756572365495776
43-4111	0.1759415401911186
43-4121	0.09205020920502092
43-4131	0.1462372242763352
43-4141	0.09473342520985432
43-4151	0.20626859449318755
43-4161	0.2554965649678062
43-4171	0.1740753111901006
43-4181	0.08844674803544558
43-5011	0.054808475957620215
43-5021	0.04637010211129571
43-5031	0.13528539659006672
43-5032	0.1937124532025423
43-5041	0.18412751120703968
43-5051	0.03392609408500442
43-5052	0.0912280701754386
43-5053	0.05970149253731343
43-5061	0.17041242487954947
43-5071	0.1552621032697098
43-5111	0.7147796024200519
43-6011	0.1820782329261853
43-6012	0.30475656829784586
43-6013	0.33239645212496116
43-6014	0.257129971771492
43-9021	0.972021462060561
43-9022	0.2234932945548554
43-9031	0.1620045427571671
43-9041	0.24216555325041442
43-9051	0.16713716974303294
43-9061	0.2524076787176283
43-9071	0.025420199878861297
43-9081	0.03917050691244239
43-9111	0.23582124982690747
45-1011	0.04984245201947866
45-2011	0.13793103448275862
45-2021	0.8108108108108109
45-2041	0.0842754367934224
45-2091	0.13714285714285715
45-2092	0.03200859291084855
45-2093	0.14673752583407146
45-4011	0.032021347565043365
45-4021	0.002849002849002849
45-4022	0.015873015873015872
45-4023	0.2468553459119497
47-1011	0.02911657659644866
47-2011	0.0
47-2021	0.38245315161839866
47-2031	0.051006922251952636
47-2041	0.007343372374047221
47-2042	0.13725490196078433
47-2043	0.03153153153153153
47-2044	0.0038240917782026767
47-2051	0.003969778460750416
47-2053	0.0196078431372549
47-2061	0.010139746506337342
47-2071	0.004481434058898848
47-2072	0.10005512679162072
47-2073	0.0404656035980783
47-2081	0.0
47-2082	0.125
47-2111	0.01632649268467196
47-2121	0.03865814696485623
47-2131	0.0032679738562091504
47-2132	0.0
47-2141	0.014942528735632184
47-2151	0.0013698630136986301
47-2152	0.044916917802538085
47-2161	0.0
47-2171	0.03297997644287397
47-2181	0.00399800099950025
47-2211	0.03548601864181092
47-2221	0.033368458025992274
47-2231 | 47-4091 | 47-4099	0.028991146998735284
47-3011	0.004975124378109453
47-3012	0.007617931438617052
47-3013	0.004785547646108752
47-3014	0.0
47-3015	0.0
47-3016	0.0
47-4011	0.6366007767665642
47-4021	0.1339850488786659
47-4031	0.0021231422505307855
47-4041	0.060866574965612104
47-4051	0.013479957431713374
47-4061	0.04429507066528783
47-4071	0.0256260920209668
47-5012	0.042134831460674156
47-5013	0.04678007290400972
47-5022	0.006051437216338881
47-5041	0.10413476263399694
47-5043	0.007462686567164179
47-5044	0.025778210116731516
47-5051	0.03209876543209877
47-5071	0.0
47-5081	0.04186046511627907
49-1011	0.06546607482561827
49-2011	0.0732872731968748
49-2021	0.01679983609916001
49-2022	0.07719773680259279
49-2091	0.03493745069311394
49-2092	0.12449255751014884
49-2093	0.03422872038989006
49-2094	0.019537233613716374
49-2095	0.24175824175824176
49-2096	0.07058823529411765
49-2097	0.004106725685478913
49-2098	0.019098548510313215
49-3011	0.07594035734491632
49-3021	0.0033151845130066546
49-3022	0.02076209086468002
49-3023	0.04013717122553367
49-3031	0.11426016597057893
49-3041	0.08067669960543315
49-3042	0.05027253003122189
49-3043	0.007641921397379912
49-3051	0.0
49-3052	0.010368919118734289
49-3053	0.01857525852163922
49-3091	0.00048567265662943174
49-3092	0.0017248814144027599
49-3093	0.010842226905037047
49-9011	0.01845522898154477
49-9012	0.07215541165587419
49-9021	0.015979866345766192
49-9031	0.0025031289111389237
49-9041	0.06766441821247893
49-9043	0.04291984167586634
49-9044	0.008540282149935874
49-9045	0.8571428571428571
49-9051	0.016739203213927016
49-9052	0.0218408736349454
49-9061	0.9707455174583203
49-9062	0.2908704883227176
49-9063	0.058823529411764705
49-9064	0.014150943396226415
49-9071	0.03773696447448356
49-9081 | 49-9099	0.06968314340793891
49-9091	0.006612784717119765
49-9092	0.045064377682403435
49-9094	0.10071202531645569
49-9095	0.12884243128145567
49-9096	0.0
49-9097	0.044921875
49-9098	0.019482229047827995
51-1011	0.05767803361507821
51-2011	0.07090654641579848
51-2021	0.004629629629629629
51-2022 | 51-2023	0.04918578830495929
51-2031	0.03156708004509583
51-2041	0.006329113924050633
51-2051	0.003599801390268123
51-2061	0.11307420494699646
51-2092 | 51-2099	0.3008204751408278
51-3011	0.03981890149922937
51-3021	0.04712873192676883
51-3022	0.01519422481952561
51-3023	0.32043674341324474
51-3091	0.21617879746835442
51-3092	0.02267998335414066
51-3093	0.21436004162330904
51-4021	0.047080979284369114
51-4022	0.13214990138067062
51-4023	0.0661345496009122
51-4031	0.03651624155221277
51-4032	0.07961165048543689
51-4033	0.09249786871270248
51-4034	0.013682230203523174
51-4035	0.045283018867924525
51-4041	0.023183035585719634
51-4051	0.15995762711864406
51-4052	0.013636363636363636
51-4061	0.0440251572327044
51-4062	0.014084507042253521
51-4071	0.040345821325648415
51-4072	0.02553852986897624
51-4081	0.04352365565174979
51-4111	0.025776173285198555
51-4121	0.01236588687901742
51-4122	0.05545957152729786
51-4191	0.010419414402532313
51-4192	0.06734006734006734
51-4193	0.030204962243797196
51-4194	0.014787430683918669
51-5111	0.1492632927610506
51-5112	0.04069565217391304
51-5113	0.09993694829760404
51-6011	0.004971600968824804
51-6021	0.020242914979757085
51-6031	0.013968775677896467
51-6041	0.0010052934985784522
51-6042	0.016615960683360638
51-6051	0.0005304336294921098
51-6052	0.028642709782660845
51-6061	0.15757000474608449
51-6062	0.1475826972010178
51-6063	0.19293478260869565
51-6064	0.07005253940455342
51-6091	0.04321561338289963
51-6092	0.0014975513012506576
51-6093	0.0536714833382483
51-7011	0.053763440860215055
51-7021	0.04457687723480334
51-7031	0.19230769230769232
51-7041	0.14855875831485588
51-7042	0.036592821169689385
51-8011	0.13883299798792756
51-8012	0.0
51-8013	0.3182775032033681
51-8021	0.028368794326241134
51-8031	0.018553918812549197
51-8091	0.0038314176245210726
51-8092	0.21173469387755103
51-8093	0.03701348257440855
51-9011	0.15736040609137056
51-9012	0.05518447837150127
51-9021	0.20432432432432432
51-9022	0.020642201834862386
51-9023	0.22897897897897898
51-9031	0.06209850107066381
51-9032	0.11165048543689321
51-9041	0.06996587030716724
51-9051	0.08482758620689655
51-9061	0.14339775099319912
51-9071	0.03094201237680495
51-9081	0.027597061909758656
51-9082	0.08573008849557522
51-9083	0.45569620253164556
51-9111	0.03125774012978649
51-9123	0.008131550415612577
51-9124	0.01773018520143948
51-9141	0.11483739837398374
51-9151	0.16883910386965376
51-9161	0.022788047901406813
51-9162	0.026615969581749048
51-9191	0.17002012072434608
51-9192	0.0027923601027588516
51-9193	0.03811944091486658
51-9194	0.0070901033973412115
51-9195	0.007958274544618654
51-9196	0.06456571867794005
51-9197	0.005076142131979695
51-9198	0.036599591717701954
53-1041	0.013176470588235295
53-1042 | 53-1043 | 53-1044 | 53-1049	0.07668077900084674
53-2011	0.0007209805335255948
53-2012	0.015016354445435623
53-2021	0.06442788416187152
53-2022	0.18110178104046373
53-2031	0.06879756468797564
53-3011	0.09400876765708718
53-3031	0.036240981843619166
53-3032	0.00986929712294615
53-3033	0.01969687831189309
53-3051 | 53-3054	0.00876672540667865
53-3052	0.049723756906077346
53-4011	0.0084985835694051
53-4013	0.0484448114505918
53-4022	0.0
53-4031	0.06838365896980461
53-4041	0.06826568265682657
53-5011	0.17288135593220338
53-5021	0.010712160285657607
53-5022	0.012307692307692308
53-5031	0.03967168262653899
53-6011	0.2878278412911903
53-6021	0.01420066152149945
53-6031	0.037990592121799706
53-6032 | 53-6099	0.010484927916120577
53-6041	0.27923113734247884
53-6051	0.10078977059044754
53-6061	0.014308426073131956
53-7011	0.05998681608437706
53-7021	0.012064463851625101
53-7031	0.0
53-7041	0.02478134110787172
53-7051	0.045968034364452875
53-7061	0.006643094396228437
53-7062	0.0885003634160022
53-7063	0.07952622673434856
53-7064	0.06597997848928601
53-7065	0.036657624646910546
53-7071	0.05810575246949448
53-7072	0.16688227684346701
53-7081	0.1804245283018868
53-7121	0.019994596055120238
