component	probable
11-1011	false
11-1021	false
11-1031	false
11-2011	false
11-2021	false
11-2022	false
11-3021	false
11-3031	true
11-3051	true
11-3061	false
11-3071	false
11-3111	false
11-3121	false
11-3131	false
11-9013	false
11-9021	false
11-9031	false
11-9032	false
11-9033	false
11-9041	false
11-9051	false
11-9071	false
11-9081	false
11-9111	false
11-9121	false
11-9131	false
11-9141	false
11-9151	false
11-9161	false
13-1011	false
13-1031	false
13-1032	false
13-1041	false
13-1051	false
13-1074	false
13-1081	true
13-1111	false
13-1121	false
13-1141	false
13-1151	false
13-1161	true
13-2011	true
13-2031	false
13-2041	false
13-2052	false
13-2053	false
13-2061	false
13-2071	false
13-2072	true
13-2081	true
13-2082	false
15-1211	false
15-1221	false
15-1241	false
15-1244	false
15-1251	false
15-1252 | 15-1253	true
15-1254	false
15-1255	false
15-2011	true
15-2021	false
15-2031	true
15-2041	true
15-2051	true
17-1011	false
17-1012	false
17-1021	true
17-1022	true
17-2011	false
17-2021	false
17-2031	false
17-2041	false
17-2051	false
17-2061	false
17-2071	false
17-2072	false
17-2081	false
17-2111	false
17-2112	false
17-2121	false
17-2131	false
17-2141	false
17-2151	false
17-2161	false
17-2171	false
17-3011	false
17-3012	false
17-3013	false
17-3021	false
17-3022	false
17-3023	false
17-3024	false
17-3025	false
17-3026	false
17-3027	false
17-3031	true
19-1011	true
19-1012	true
19-1013	true
19-1021	true
19-1022	true
19-1023	true
19-1031	true
19-1032	true
19-1041	true
19-1042	true
19-2011	true
19-2012	true
19-2021	true
19-2031	true
19-2032	true
19-2041	true
19-2042	true
19-2043	true
19-3011	true
19-3022	true
19-3034	true
19-3032	true
19-3041	true
19-3051	true
19-3091	true
19-3092	true
19-3093	true
19-3094	true
19-4021	true
19-4031	true
19-4042	true
19-4051	true
19-4061	true
19-4071	true
19-4092	true
19-5011	false
19-5012	false
21-1012	false
21-1013	false
21-1015	false
21-1021	false
21-1022	false
21-1023	false
21-1091	false
21-1092	false
21-1093	false
21-2011	false
21-2021	false
23-1011	true
23-1012	true
23-1021	true
23-1022	false
23-1023	true
23-2011	true
23-2093	false
25-1011	false
25-1021	false
25-1022	false
25-1031	false
25-1032	false
25-1041	false
25-1042	false
25-1043	false
25-1051	false
25-1052	false
25-1053	false
25-1054	false
25-1061	false
25-1062	false
25-1063	false
25-1064	false
25-1065	false
25-1066	false
25-1067	false
25-1071	false
25-1072	false
25-1081	false
25-1082	false
25-1111	false
25-1112	false
25-1113	false
25-1121	false
25-1122	false
25-1123	false
25-1124	false
25-1125	false
25-1126	false
25-1192	false
25-1193	false
25-1194	false
25-2011	false
25-2012	false
25-2021	false
25-2022	false
25-2023	false
25-2031	false
25-2032	false
25-2057	false
25-2058	false
25-3011	false
25-3021	false
25-4011	true
25-4012	true
25-4013	true
25-4022	false
25-4031	false
25-9021	false
25-9031	false
25-9044	false
27-1011	false
27-1012	false
27-1013	false
27-1014	false
27-1021	false
27-1022	false
27-1023	false
27-1024	false
27-1025	false
27-1026	false
27-1027	false
27-2012	false
27-2021	false
27-2022	false
27-2023	false
27-2032	false
27-2041	false
27-3011	false
27-3023	true
27-3031	false
27-3041	false
27-3042	true
27-3043	false
27-3091	false
27-3092	true
27-4011	false
27-4012	false
27-4014	false
27-4021	false
27-4031	false
27-4032	false
27-4015	false
29-1011	false
29-1021	false
29-1022	false
29-1023	false
29-1024	false
29-1031	false
29-1041	false
29-1051	false
29-1071	false
29-1081	false
29-1122	false
29-1123	false
29-1124	false
29-1125	false
29-1126	false
29-1127	false
29-1131	false
29-1181	false
29-1211	false
29-1215	false
29-1216	true
29-1218	false
29-1221	false
29-1223	false
29-1292	false
29-1291	false
29-2031	false
29-2032	true
29-2033	false
29-2051	false
29-2052	false
29-2053	false
29-2055	false
29-2056	true
29-2061	false
29-2081	false
29-2091	false
29-9091	false
31-1133	false
31-2011	false
31-2012	false
31-2021	false
31-2022	false
31-9011	false
31-9091	false
31-9092	false
31-9093	false
31-9094	true
31-9095	false
31-9096	false
33-1011	false
33-1012	false
33-1021	false
33-2011	false
33-2021	true
33-2022	true
33-3011	false
33-3012	false
33-3021	true
33-3031	true
33-3041	false
33-3051	false
33-3052	false
33-9011	false
33-9021	false
33-9031	false
33-9032	false
33-9091	false
33-9092	false
33-9093	false
35-1011	false
35-1012	false
35-2011	false
35-2012	false
35-2013	false
35-2014	false
35-2015	false
35-2021	false
35-3011	false
35-3023	false
35-3031	false
35-3041	false
35-9011	false
35-9021	false
35-9031	false
37-1011	false
37-1012	false
37-2011	false
37-2012	false
37-2021	false
37-3011	false
37-3012	false
37-3013	false
39-1013	false
39-2011	false
39-2021	false
39-3011	false
39-3012	false
39-3021	false
39-3031	false
39-3091	false
39-3092	false
39-3093	false
39-4011	false
39-4021	false
39-5011	false
39-5012	false
39-5091	false
39-5092	false
39-5093	false
39-5094	false
39-6011	false
39-6012	false
39-9011	false
39-9031	false
39-9032	false
39-9041	false
39-4012	false
41-1011	false
41-1012	false
41-2011	false
41-2012	false
41-2021	false
41-2022	false
41-2031	false
41-3011	false
41-3021	false
41-3031	false
41-3041	false
41-3091	false
41-4011	false
41-4012	false
41-9011	false
41-9012	false
41-9021	false
41-9022	false
41-9031	false
41-9041	false
41-9091	false
43-1011	false
43-2011	false
43-2021	false
43-3011	false
43-3021	false
43-3031	true
43-3041	false
43-3051	true
43-3061	true
43-3071	false
43-4011	false
43-4021	false
43-4031	true
43-4041	false
43-4051	false
43-4061	true
43-4071	true
43-4081	false
43-4111	true
43-4121	false
43-4131	false
43-4141	false
43-4151	false
43-4161	false
43-4171	false
43-4181	false
43-5011	false
43-5021	false
43-5031	false
43-5032	false
43-5041	true
43-5051	false
43-5052	false
43-5053	false
43-5061	false
43-5071	false
43-5111	false
43-6011	false
43-6012	true
43-6013	true
43-6014	false
43-9021	true
43-9022	true
43-9031	false
43-9041	true
43-9051	false
43-9061	false
43-9071	false
43-9081	false
43-9111	false
45-1011	false
45-2011	true
45-2021	false
45-2041	false
45-2091	false
45-2092	false
45-2093	false
45-4011	true
45-4021	false
45-4022	false
45-4023	false
47-1011	false
47-2011	false
47-2021	false
47-2022	false
47-2031	false
47-2041	false
47-2042	false
47-2043	false
47-2044	false
47-2051	false
47-2053	false
47-2061	false
47-2071	false
47-2072	false
47-2073	false
47-2081	false
47-2082	false
47-2111	false
47-2121	false
47-2131	false
47-2132	false
47-2141	false
47-2142	false
47-2151	false
47-2152	false
47-2161	false
47-2171	false
47-2181	false
47-2211	false
47-2221	false
47-3011	false
47-3012	false
47-3013	false
47-3014	false
47-3015	false
47-3016	false
47-4011	true
47-4021	false
47-4031	false
47-4041	false
47-4051	false
47-4061	false
47-4071	false
47-5011	false
47-5012	false
47-5013	false
47-5022	false
47-5041	false
47-5043	false
47-5044	false
47-5051	false
47-5071	false
47-5081	false
49-1011	false
49-2011	false
49-2021	false
49-2022	false
49-2091	false
49-2092	false
49-2093	false
49-2094	false
49-2095	false
49-2096	false
49-2097	false
49-2098	false
49-3011	false
49-3021	false
49-3022	false
49-3023	false
49-3031	false
49-3041	false
49-3042	false
49-3043	false
49-3051	false
49-3052	false
49-3053	false
49-3091	false
49-3092	false
49-3093	false
49-9011	false
49-9012	false
49-9021	false
49-9031	false
49-9041	false
49-9043	false
49-9044	false
49-9045	false
49-9051	false
49-9052	false
49-9061	false
49-9062	false
49-9063	false
49-9064	false
49-9071	false
49-9091	false
49-9092	false
49-9094	false
49-9095	false
49-9096	false
49-9097	false
49-9098	false
51-1011	false
51-2011	false
51-2021	false
51-2031	false
51-2041	false
51-2051	false
51-2061	false
51-3011	false
51-3021	false
51-3022	false
51-3023	false
51-3091	false
51-3092	false
51-3093	false
51-4021	false
51-4022	false
51-4023	false
51-4031	false
51-4032	false
51-4033	false
51-4034	false
51-4035	false
51-4041	false
51-4051	false
51-4052	false
51-4061	false
51-4062	false
51-4071	false
51-4072	false
51-4081	false
51-4111	false
51-4121	false
51-4122	false
51-4191	false
51-4192	false
51-4193	false
51-4194	false
51-5111	false
51-5112	false
51-5113	false
51-6011	false
51-6021	false
51-6031	false
51-6041	false
51-6042	false
51-6051	false
51-6052	false
51-6061	false
51-6062	false
51-6063	false
51-6064	false
51-6091	false
51-6092	false
51-6093	false
51-7011	false
51-7021	false
51-7031	false
51-7032	false
51-7041	false
51-7042	false
51-8011	false
51-8012	false
51-8013	false
51-8021	false
51-8031	false
51-8091	false
51-8092	false
51-8093	false
51-9011	false
51-9012	false
51-9021	false
51-9022	false
51-9023	false
51-9031	false
51-9032	false
51-9041	false
51-9051	false
51-9061	false
51-9071	false
51-9081	false
51-9082	false
51-9083	false
51-9111	false
51-9123	false
51-9124	false
51-9141	false
51-9151	false
51-9161	false
51-9162	false
51-9191	false
51-9192	false
51-9193	false
51-9194	false
51-9195	false
51-9196	false
51-9197	false
51-9198	false
53-1041	false
53-2011	false
53-2012	false
53-2021	false
53-2022	true
53-2031	false
53-3011	false
53-3031	false
53-3032	false
53-3033	false
53-3052	false
53-4011	false
53-4013	false
53-4022	false
53-4031	false
53-4041	false
53-5011	false
53-5021	false
53-5022	false
53-5031	false
53-6011	false
53-6021	false
53-6031	false
53-6041	true
53-6051	false
53-6061	false
53-7011	false
53-7021	false
53-7031	false
53-7041	false
53-7051	false
53-7061	false
53-7062	false
53-7063	false
53-7064	false
53-7065	false
53-7071	false
53-7072	false
53-7073	false
53-7081	false
53-7121	false
11-2032 | 11-2033	false
11-3012 | 11-3013	false
11-9171 | 39-4031	false
13-1021 | 13-1022 | 13-1023	false
13-1071 | 13-1075	false
13-1082 | 13-1199	false
13-1131 | 41-9099	false
13-2022 | 13-2023	true
13-2054 | 13-2099	false
19-4012 | 19-4013	false
19-4043 | 19-4044	false
21-1011 | 21-1014	false
15-1231 | 15-1232	false
15-1242 | 15-1243	true
15-1212 | 15-1241 | 15-1254 | 15-1255	false
15-2051 | 15-2099	true
21-1094 | 21-1099	false
25-2051 | 25-2055 | 25-2056	false
25-3031 | 25-3041	false
25-9042 | 25-9043 | 25-9049	false
29-1212 | 29-1213 | 29-1214 | 29-1217 | 29-1222 | 29-1224 | 29-1229 | 29-1241	false
29-1141 | 29-1151 | 29-1161 | 29-1171	false
29-1128 | 29-1129	false
29-1242 | 29-1243 | 29-1249	false
29-2011 | 29-2012	false
29-2034 | 29-2035	true
29-2036 | 29-2057 | 29-2072 | 29-2092	false
29-2042 | 29-2043	false
29-9092 | 29-9093	false
31-1121 | 31-1122	false
31-1131 | 31-1132	false
31-9097 | 31-9099	false
33-1091 | 33-1099	false
33-9094 | 33-9099	false
47-2231 | 47-4091 | 47-4099	false
49-9081 | 49-9099	false
51-2022 | 51-2023	false
51-2092 | 51-2099	false
53-1042 | 53-1043 | 53-1044 | 53-1049	false
53-3051 | 53-3054	false
53-6032 | 53-6099	false
