component	occ_ttl	selected
11-3031	Financial Managers	true
11-3051	Industrial Production Managers	true
13-1081	Logisticians	true
13-1161	Market Research Analysts and Marketing Specialists	true
13-2011	Accountants and Auditors	true
13-2022 | 13-2023	Property Appraisers and Assessors	true
13-2081	Tax Examiners and Collectors, and Revenue Agents	true
15-1242 | 15-1243	Database Administrators; Database Architects	true
15-1252 | 15-1253	Software Developers	true
15-2031	Operations Research Analysts	true
15-2041	Statisticians	true
15-2051 | 15-2099	Data Scientists	true
17-3031	Surveying and Mapping Technicians	true
19-2041	Environmental Scientists and Specialists, Including Health	true
19-2042	Geoscientists, Except Hydrologists and Geographers	true
19-4021	Biological Technicians	true
23-1021	Administrative Law Judges, Adjudicators, and Hearing Officers	true
23-1023	Judges, Magistrate Judges, and Magistrates	true
23-2011	Paralegals and Legal Assistants	true
27-3092	Court Reporters and Simultaneous Captioners	true
29-2032	Diagnostic Medical Sonographers	true
29-2034 | 29-2035	Radiologic Technologists and Technicians	true
31-9094	Medical Transcriptionists	true
33-3021	Detectives and Criminal Investigators	true
43-3031	Bookkeeping, Accounting, and Auditing Clerks	true
43-3051	Payroll and Timekeeping Clerks	true
43-3061	Procurement Clerks	true
43-4031	Court, Municipal, and License Clerks	true
43-4061	Eligibility Interviewers, Government Programs	true
43-4071	File Clerks	true
43-4111	Interviewers, Except Eligibility and Loan	true
43-6012	Legal Secretaries and Administrative Assistants	true
43-6013	Medical Secretaries and Administrative Assistants	true
43-9021	Data Entry Keyers	true
43-9022	Word Processors and Typists	true
43-9041	Insurance Claims and Policy Processing Clerks	true
47-4011	Construction and Building Inspectors	true
11-1011	Chief Executives	false
11-1021	General and Operations Managers	false
11-2011	Advertising and Promotions Managers	false
11-2021	Marketing Managers	false
11-2022	Sales Managers	false
11-2032 | 11-2033	Public Relations and Fundraising Managers	false
11-3012 | 11-3013	Administrative Services and Facilities Managers	false
11-3021	Computer and Information Systems Managers	false
11-3061	Purchasing Managers	false
11-3071	Transportation, Storage, and Distribution Managers	false
11-3111	Compensation and Benefits Managers	false
11-3121	Human Resources Managers	false
11-3131	Training and Development Managers	false
11-9013	Farmers, Ranchers, and Other Agricultural Managers	false
11-9021	Construction Managers	false
11-9031	Education and Childcare Administrators, Preschool and Daycare	false
11-9033	Education Administrators, Postsecondary	false
11-9041	Architectural and Engineering Managers	false
11-9051	Food Service Managers	false
11-9071	Gambling Managers	false
11-9072 | 11-9179 | 11-9199	Entertainment and Recreation Managers, Except Gambling; Managers, All Other	false
11-9081	Lodging Managers	false
11-9111	Medical and Health Services Managers	false
11-9121	Natural Sciences Managers	false
11-9131	Postmasters and Mail Superintendents	false
11-9141	Property, Real Estate, and Community Association Managers	false
11-9151	Social and Community Service Managers	false
11-9161	Emergency Management Directors	false
11-9171 | 39-4031	Funeral Home Managers; Morticians, Undertakers, and Funeral Arrangers	false
13-1011	Agents and Business Managers of Artists, Performers, and Athletes	false
13-1021 | 13-1022 | 13-1023	Buyers and Purchasing Agents	false
13-1031	Claims Adjusters, Examiners, and Investigators	false
13-1032	Insurance Appraisers, Auto Damage	false
13-1041	Compliance Officers	false
13-1051	Cost Estimators	false
13-1071 | 13-1075	Human Resources Specialists	false
13-1074	Farm Labor Contractors	false
13-1082 | 13-1199	Project Management Specialists	false
13-1111	Management Analysts	false
13-1121	Meeting, Convention, and Event Planners	false
13-1131 | 41-9099	Fundraisers; Sales and Related Workers, All Other	false
13-1141	Compensation, Benefits, and Job Analysis Specialists	false
13-1151	Training and Development Specialists	false
13-2031	Budget Analysts	false
13-2041	Credit Analysts	false
13-2051 | 13-2054 | 13-2099	Financial and Investment Analysts	false
13-2052	Personal Financial Advisors	false
13-2053	Insurance Underwriters	false
13-2061	Financial Examiners	false
13-2071	Credit Counselors	false
13-2072	Loan Officers	false
13-2082	Tax Preparers	false
15-1211	Computer Systems Analysts	false
15-1212 | 15-1241 | 15-1254 | 15-1255	Computer Network Architects; Information Security Analysts	false
15-1221	Computer and Information Research Scientists	false
15-1231 | 15-1232	Computer Network Support Specialists; Computer User Support Specialists	false
15-1244	Network and Computer Systems Administrators	false
15-1251	Computer Programmers	false
15-2011	Actuaries	false
15-2021	Mathematicians	false
17-1011	Architects, Except Landscape and Naval	false
17-1012	Landscape Architects	false
17-1021	Cartographers and Photogrammetrists	false
17-1022	Surveyors	false
17-2011	Aerospace Engineers	false
17-2021	Agricultural Engineers	false
17-2031	Bioengineers and Biomedical Engineers	false
17-2041	Chemical Engineers	false
17-2051	Civil Engineers	false
17-2061	Computer Hardware Engineers	false
17-2071	Electrical Engineers	false
17-2072	Electronics Engineers, Except Computer	false
17-2081	Environmental Engineers	false
17-2111	Health and Safety Engineers, Except Mining Safety Engineers and Inspectors	false
17-2112	Industrial Engineers	false
17-2121	Marine Engineers and Naval Architects	false
17-2131	Materials Engineers	false
17-2141	Mechanical Engineers	false
17-2151	Mining and Geological Engineers, Including Mining Safety Engineers	false
17-2161	Nuclear Engineers	false
17-2171	Petroleum Engineers	false
17-3011	Architectural and Civil Drafters	false
17-3012	Electrical and Electronics Drafters	false
17-3013	Mechanical Drafters	false
17-3021	Aerospace Engineering and Operations Technologists and Technicians	false
17-3022	Civil Engineering Technologists and Technicians	false
17-3023	Electrical and Electronic Engineering Technologists and Technicians	false
17-3024	Electro-Mechanical and Mechatronics Technologists and Technicians	false
17-3025	Environmental Engineering Technologists and Technicians	false
17-3026	Industrial Engineering Technologists and Technicians	false
17-3027	Mechanical Engineering Technologists and Technicians	false
17-3028 | 17-3029	Calibration Technologists and Technicians; Engineering Technologists and Technicians, Except Drafters, All Other	false
19-1011	Animal Scientists	false
19-1012	Food Scientists and Technologists	false
19-1013	Soil and Plant Scientists	false
19-1021	Biochemists and Biophysicists	false
19-1022	Microbiologists	false
19-1023	Zoologists and Wildlife Biologists	false
19-1031	Conservation Scientists	false
19-1032	Foresters	false
19-1041	Epidemiologists	false
19-1042	Medical Scientists, Except Epidemiologists	false
19-2011	Astronomers	false
19-2012	Physicists	false
19-2021	Atmospheric and Space Scientists	false
19-2031	Chemists	false
19-2032	Materials Scientists	false
19-2043	Hydrologists	false
19-3011	Economists	false
19-3022	Survey Researchers	false
19-3032	Industrial-Organizational Psychologists	false
19-3033 | 19-3034	Clinical and Counseling Psychologists	false
19-3041	Sociologists	false
19-3051	Urban and Regional Planners	false
19-3091	Anthropologists and Archeologists	false
19-3092	Geographers	false
19-3093	Historians	false
19-3094	Political Scientists	false
19-4012 | 19-4013	Agricultural and Food Science Technicians	false
19-4031	Chemical Technicians	false
19-4042	Environmental Science and Protection Technicians, Including Health	false
19-4043 | 19-4044	Geological Technicians, Except Hydrologic Technicians	false
19-4051	Nuclear Technicians	false
19-4061	Social Science Research Assistants	false
19-4071	Forest and Conservation Technicians	false
19-4092	Forensic Science Technicians	false
19-5011	Occupational Health and Safety Specialists	false
19-5012	Occupational Health and Safety Technicians	false
21-1012	Educational, Guidance, and Career Counselors and Advisors	false
21-1013	Marriage and Family Therapists	false
21-1015	Rehabilitation Counselors	false
21-1011 | 21-1014	Substance Abuse, Behavioral Disorder, and Mental Health Counselors	false
21-1021	Child, Family, and School Social Workers	false
21-1022	Healthcare Social Workers	false
21-1023	Mental Health and Substance Abuse Social Workers	false
21-1091	Health Education Specialists	false
21-1092	Probation Officers and Correctional Treatment Specialists	false
21-1093	Social and Human Service Assistants	false
21-1094 | 21-1099	Community Health Workers	false
21-2011	Clergy	false
21-2021	Directors, Religious Activities and Education	false
23-1011	Lawyers	false
23-1012	Judicial Law Clerks	false
23-1022	Arbitrators, Mediators, and Conciliators	false
23-2093	Title Examiners, Abstractors, and Searchers	false
25-1194	Career/Technical Education Teachers, Postsecondary	false
25-2011	Preschool Teachers, Except Special Education	false
25-3011	Adult Basic Education, Adult Secondary Education, and English as a Second Language Instructors	false
25-3021	Self-Enrichment Teachers	false
25-3031	Substitute Teachers, Short-Term	false
25-3041	Tutors	false
25-4011	Archivists	false
25-4012	Curators	false
25-4013	Museum Technicians and Conservators	false
25-4022	Librarians and Media Collections Specialists	false
25-4031	Library Technicians	false
25-9021	Farm and Home Management Educators	false
25-9031	Instructional Coordinators	false
27-1011	Art Directors	false
27-1012	Craft Artists	false
27-1013	Fine Artists, Including Painters, Sculptors, and Illustrators	false
27-1014	Special Effects Artists and Animators	false
27-1021	Commercial and Industrial Designers	false
27-1022	Fashion Designers	false
27-1023	Floral Designers	false
27-1024	Graphic Designers	false
27-1025	Interior Designers	false
27-1026	Merchandise Displayers and Window Trimmers	false
27-1027	Set and Exhibit Designers	false
27-2011	Actors	false
27-2012	Producers and Directors	false
27-2031	Dancers	false
27-2032	Choreographers	false
27-2041	Music Directors and Composers	false
27-2042	Musicians and Singers	false
27-2091 | 27-2099	Miscellaneous Entertainers and Performers, Sports and Related Workers	false
27-3011	Broadcast Announcers and Radio Disc Jockeys	false
27-3023	News Analysts, Reporters, and Journalists	false
27-3031	Public Relations Specialists	false
27-3041	Editors	false
27-3042	Technical Writers	false
27-3043	Writers and Authors	false
27-3091	Interpreters and Translators	false
27-4011	Audio and Video Technicians	false
27-4012	Broadcast Technicians	false
27-4014	Sound Engineering Technicians	false
27-4015 | 27-4099	Lighting Technicians	false
27-4021	Photographers	false
27-4031	Camera Operators, Television, Video, and Film	false
27-4032	Film and Video Editors	false
29-1011	Chiropractors	false
29-1021	Dentists, General	false
29-1022	Oral and Maxillofacial Surgeons	false
29-1023	Orthodontists	false
29-1024	Prosthodontists	false
29-1031	Dietitians and Nutritionists	false
29-1041	Optometrists	false
29-1051	Pharmacists	false
29-1071	Physician Assistants	false
29-1081	Podiatrists	false
29-1122	Occupational Therapists	false
29-1123	Physical Therapists	false
29-1124	Radiation Therapists	false
29-1125	Recreational Therapists	false
29-1126	Respiratory Therapists	false
29-1127	Speech-Language Pathologists	false
29-1128 | 29-1129	Exercise Physiologists	false
29-1131	Veterinarians	false
29-1141 | 29-1151 | 29-1161 | 29-1171	Registered Nurses	false
29-1181	Audiologists	false
29-1211	Anesthesiologists	false
29-1212 | 29-1213 | 29-1214 | 29-1217 | 29-1222 | 29-1224 | 29-1229 | 29-1241	Cardiologists; Dermatologists; Emergency Medicine Physicians; Neurologists; Ophthalmologists, Except Pediatric; Physicians, Pathologists; Radiologists	false
29-1215	Family Medicine Physicians	false
29-1216	General Internal Medicine Physicians	false
29-1218	Obstetricians and Gynecologists	false
29-1221	Pediatricians, General	false
29-1223	Psychiatrists	false
29-1242 | 29-1243 | 29-1249	Orthopedic Surgeons, Except Pediatric; Pediatric Surgeons	false
29-1291 | 29-1299	Acupuncturists	false
29-1292	Dental Hygienists	false
29-2011 | 29-2012	Clinical Laboratory Technologists and Technicians	false
29-2031	Cardiovascular Technologists and Technicians	false
29-2033	Nuclear Medicine Technologists	false
29-2036 | 29-2057 | 29-2072 | 29-2092 | 29-2099	Health Technologists and Technicians, All Other; Medical Dosimetrists; Medical Records Specialists	false
29-2042 | 29-2043	Emergency Medical Technicians and Paramedics	false
29-2051	Dietetic Technicians	false
29-2052	Pharmacy Technicians	false
29-2053	Psychiatric Technicians	false
29-2055	Surgical Technologists	false
29-2056	Veterinary Technologists and Technicians	false
29-2061	Licensed Practical and Licensed Vocational Nurses	false
29-2081	Opticians, Dispensing	false
29-2091	Orthotists and Prosthetists	false
29-9092 | 29-9093 | 29-9099	Genetic Counselors	false
31-1121 | 31-1122	Home Health and Personal Care Aides	false
31-1131 | 31-1132	Nursing Assistants	false
31-1133	Psychiatric Aides	false
31-2011	Occupational Therapy Assistants	false
31-2012	Occupational Therapy Aides	false
31-2021	Physical Therapist Assistants	false
31-2022	Physical Therapist Aides	false
31-9011	Massage Therapists	false
31-9091	Dental Assistants	false
31-9092	Medical Assistants	false
31-9093	Medical Equipment Preparers	false
31-9095	Pharmacy Aides	false
31-9096	Veterinary Assistants and Laboratory Animal Caretakers	false
31-9097 | 31-9099	Phlebotomists	false
33-1011	First-Line Supervisors of Correctional Officers	false
33-1012	First-Line Supervisors of Police and Detectives	false
33-1021	First-Line Supervisors of Firefighting and Prevention Workers	false
33-1091 | 33-1099	Miscellaneous First-Line Supervisors, Protective Service Workers	false
33-2011	Firefighters	false
33-2021	Fire Inspectors and Investigators	false
33-2022	Forest Fire Inspectors and Prevention Specialists	false
33-3011	Bailiffs	false
33-3012	Correctional Officers and Jailers	false
33-3031	Fish and Game Wardens	false
33-3041	Parking Enforcement Workers	false
33-3051	Police and Sheriff's Patrol Officers	false
33-3052	Transit and Railroad Police	false
33-9011	Animal Control Workers	false
33-9021	Private Detectives and Investigators	false
33-9031	Gambling Surveillance Officers and Gambling Investigators	false
33-9032	Security Guards	false
33-9091	Crossing Guards and Flaggers	false
33-9092	Lifeguards, Ski Patrol, and Other Recreational Protective Service Workers	false
33-9093	Transportation Security Screeners	false
33-9094 | 33-9099	Protective Service Workers, All Other; School Bus Monitors	false
35-1011	Chefs and Head Cooks	false
35-1012	First-Line Supervisors of Food Preparation and Serving Workers	false
35-2011	Cooks, Fast Food	false
35-2012	Cooks, Institution and Cafeteria	false
35-2014	Cooks, Restaurant	false
35-2015	Cooks, Short Order	false
35-2021	Food Preparation Workers	false
35-3011	Bartenders	false
35-3023	Fast Food and Counter Workers	false
35-3031	Waiters and Waitresses	false
35-3041	Food Servers, Nonrestaurant	false
35-9011	Dining Room and Cafeteria Attendants and Bartender Helpers	false
35-9021	Dishwashers	false
35-9031	Hosts and Hostesses, Restaurant, Lounge, and Coffee Shop	false
37-1011	First-Line Supervisors of Housekeeping and Janitorial Workers	false
37-1012	First-Line Supervisors of Landscaping, Lawn Service, and Groundskeeping Workers	false
37-2011	Janitors and Cleaners, Except Maids and Housekeeping Cleaners	false
37-2012	Maids and Housekeeping Cleaners	false
37-2021	Pest Control Workers	false
37-3011	Landscaping and Groundskeeping Workers	false
37-3012	Pesticide Handlers, Sprayers, and Applicators, Vegetation	false
37-3013	Tree Trimmers and Pruners	false
39-1013	First-Line Supervisors of Entertainment and Recreation Workers	false
39-2011	Animal Trainers	false
39-2021	Animal Caretakers	false
39-3011	Gambling Dealers	false
39-3012	Gambling and Sports Book Writers and Runners	false
39-3021	Motion Picture Projectionists	false
39-3031	Ushers, Lobby Attendants, and Ticket Takers	false
39-3091	Amusement and Recreation Attendants	false
39-3092	Costume Attendants	false
39-3093	Locker Room, Coatroom, and Dressing Room Attendants	false
39-4011	Embalmers	false
39-4012 | 39-9099	Crematory Operators; Personal Care and Service Workers, All Other	false
39-4021	Funeral Attendants	false
39-5011	Barbers	false
39-5012	Hairdressers, Hairstylists, and Cosmetologists	false
39-5091	Makeup Artists, Theatrical and Performance	false
39-5092	Manicurists and Pedicurists	false
39-5093	Shampooers	false
39-5094	Skincare Specialists	false
39-6011	Baggage Porters and Bellhops	false
39-6012	Concierges	false
39-9011	Childcare Workers	false
39-9031	Exercise Trainers and Group Fitness Instructors	false
39-9032	Recreation Workers	false
39-9041	Residential Advisors	false
41-1011	First-Line Supervisors of Retail Sales Workers	false
41-1012	First-Line Supervisors of Non-Retail Sales Workers	false
41-2011	Cashiers	false
41-2012	Gambling Change Persons and Booth Cashiers	false
41-2021	Counter and Rental Clerks	false
41-2022	Parts Salespersons	false
41-2031	Retail Salespersons	false
41-3011	Advertising Sales Agents	false
41-3021	Insurance Sales Agents	false
41-3031	Securities, Commodities, and Financial Services Sales Agents	false
41-3041	Travel Agents	false
41-3091	Sales Representatives of Services, Except Advertising, Insurance, Financial Services, and Travel	false
41-4011	Sales Representatives, Wholesale and Manufacturing, Technical and Scientific Products	false
41-4012	Sales Representatives, Wholesale and Manufacturing, Except Technical and Scientific Products	false
41-9011	Demonstrators and Product Promoters	false
41-9012	Models	false
41-9021	Real Estate Brokers	false
41-9022	Real Estate Sales Agents	false
41-9031	Sales Engineers	false
41-9041	Telemarketers	false
41-9091	Door-to-Door Sales Workers, News and Street Vendors, and Related Workers	false
43-1011	First-Line Supervisors of Office and Administrative Support Workers	false
43-2011	Switchboard Operators, Including Answering Service	false
43-2021	Telephone Operators	false
43-3011	Bill and Account Collectors	false
43-3021	Billing and Posting Clerks	false
43-3041	Gambling Cage Workers	false
43-3071	Tellers	false
43-4011	Brokerage Clerks	false
43-4021	Correspondence Clerks	false
43-4041	Credit Authorizers, Checkers, and Clerks	false
43-4051	Customer Service Representatives	false
43-4081	Hotel, Motel, and Resort Desk Clerks	false
43-4121	Library Assistants, Clerical	false
43-4131	Loan Interviewers and Clerks	false
43-4141	New Accounts Clerks	false
43-4151	Order Clerks	false
43-4161	Human Resources Assistants, Except Payroll and Timekeeping	false
43-4171	Receptionists and Information Clerks	false
43-4181	Reservation and Transportation Ticket Agents and Travel Clerks	false
43-5011	Cargo and Freight Agents	false
43-5021	Couriers and Messengers	false
43-5031	Public Safety Telecommunicators	false
43-5032	Dispatchers, Except Police, Fire, and Ambulance	false
43-5041	Meter Readers, Utilities	false
43-5051	Postal Service Clerks	false
43-5052	Postal Service Mail Carriers	false
43-5053	Postal Service Mail Sorters, Processors, and Processing Machine Operators	false
43-5061	Production, Planning, and Expediting Clerks	false
43-5071	Shipping, Receiving, and Inventory Clerks	false
43-5111	Weighers, Measurers, Checkers, and Samplers, Recordkeeping	false
43-6011	Executive Secretaries and Executive Administrative Assistants	false
43-6014	Secretaries and Administrative Assistants, Except Legal, Medical, and Executive	false
43-9031	Desktop Publishers	false
43-9051	Mail Clerks and Mail Machine Operators, Except Postal Service	false
43-9061	Office Clerks, General	false
43-9071	Office Machine Operators, Except Computer	false
43-9081	Proofreaders and Copy Markers	false
43-9111	Statistical Assistants	false
45-1011	First-Line Supervisors of Farming, Fishing, and Forestry Workers	false
45-2011	Agricultural Inspectors	false
45-2021	Animal Breeders	false
45-2041	Graders and Sorters, Agricultural Products	false
45-2091	Agricultural Equipment Operators	false
45-2092	Farmworkers and Laborers, Crop, Nursery, and Greenhouse	false
45-2093	Farmworkers, Farm, Ranch, and Aquacultural Animals	false
45-4011	Forest and Conservation Workers	false
45-4021	Fallers	false
45-4022	Logging Equipment Operators	false
45-4023	Log Graders and Scalers	false
47-1011	First-Line Supervisors of Construction Trades and Extraction Workers	false
47-2011	Boilermakers	false
47-2021	Brickmasons and Blockmasons	false
47-2022	Stonemasons	false
47-2031	Carpenters	false
47-2041	Carpet Installers	false
47-2042	Floor Layers, Except Carpet, Wood, and Hard Tiles	false
47-2043	Floor Sanders and Finishers	false
47-2044	Tile and Stone Setters	false
47-2051	Cement Masons and Concrete Finishers	false
47-2053	Terrazzo Workers and Finishers	false
47-2061	Construction Laborers	false
47-2071	Paving, Surfacing, and Tamping Equipment Operators	false
47-2072	Pile Driver Operators	false
47-2073	Operating Engineers and Other Construction Equipment Operators	false
47-2081	Drywall and Ceiling Tile Installers	false
47-2082	Tapers	false
47-2111	Electricians	false
47-2121	Glaziers	false
47-2131	Insulation Workers, Floor, Ceiling, and Wall	false
47-2132	Insulation Workers, Mechanical	false
47-2141	Painters, Construction and Maintenance	false
47-2142	Paperhangers	false
47-2151	Pipelayers	false
47-2152	Plumbers, Pipefitters, and Steamfitters	false
47-2161	Plasterers and Stucco Masons	false
47-2171	Reinforcing Iron and Rebar Workers	false
47-2181	Roofers	false
47-2211	Sheet Metal Workers	false
47-2221	Structural Iron and Steel Workers	false
47-2231 | 47-4091 | 47-4099	Miscellaneous Construction and Related Workers; Solar Photovoltaic Installers	false
47-3011	Helpers--Brickmasons, Blockmasons, Stonemasons, and Tile and Marble Setters	false
47-3012	Helpers--Carpenters	false
47-3013	Helpers--Electricians	false
47-3014	Helpers--Painters, Paperhangers, Plasterers, and Stucco Masons	false
47-3015	Helpers--Pipelayers, Plumbers, Pipefitters, and Steamfitters	false
47-3016	Helpers--Roofers	false
47-4021	Elevator and Escalator Installers and Repairers	false
47-4031	Fence Erectors	false
47-4041	Hazardous Materials Removal Workers	false
47-4051	Highway Maintenance Workers	false
47-4061	Rail-Track Laying and Maintenance Equipment Operators	false
47-4071	Septic Tank Servicers and Sewer Pipe Cleaners	false
47-5011	Derrick Operators, Oil and Gas	false
47-5012	Rotary Drill Operators, Oil and Gas	false
47-5013	Service Unit Operators, Oil and Gas	false
47-5022	Excavating and Loading Machine and Dragline Operators, Surface Mining	false
47-5023	Earth Drillers, Except Oil and Gas	false
47-5041	Continuous Mining Machine Operators	false
47-5043	Roof Bolters, Mining	false
47-5044	Loading and Moving Machine Operators, Underground Mining	false
47-5051	Rock Splitters, Quarry	false
47-5071	Roustabouts, Oil and Gas	false
47-5081	Helpers--Extraction Workers	false
49-1011	First-Line Supervisors of Mechanics, Installers, and Repairers	false
49-2011	Computer, Automated Teller, and Office Machine Repairers	false
49-2021	Radio, Cellular, and Tower Equipment Installers and Repairers	false
49-2022	Telecommunications Equipment Installers and Repairers, Except Line Installers	false
49-2091	Avionics Technicians	false
49-2092	Electric Motor, Power Tool, and Related Repairers	false
49-2093	Electrical and Electronics Installers and Repairers, Transportation Equipment	false
49-2094	Electrical and Electronics Repairers, Commercial and Industrial Equipment	false
49-2095	Electrical and Electronics Repairers, Powerhouse, Substation, and Relay	false
49-2096	Electronic Equipment Installers and Repairers, Motor Vehicles	false
49-2097	Audiovisual Equipment Installers and Repairers	false
49-2098	Security and Fire Alarm Systems Installers	false
49-3011	Aircraft Mechanics and Service Technicians	false
49-3021	Automotive Body and Related Repairers	false
49-3022	Automotive Glass Installers and Repairers	false
49-3023	Automotive Service Technicians and Mechanics	false
49-3031	Bus and Truck Mechanics and Diesel Engine Specialists	false
49-3041	Farm Equipment Mechanics and Service Technicians	false
49-3042	Mobile Heavy Equipment Mechanics, Except Engines	false
49-3043	Rail Car Repairers	false
49-3051	Motorboat Mechanics and Service Technicians	false
49-3052	Motorcycle Mechanics	false
49-3053	Outdoor Power Equipment and Other Small Engine Mechanics	false
49-3091	Bicycle Repairers	false
49-3092	Recreational Vehicle Service Technicians	false
49-3093	Tire Repairers and Changers	false
49-9011	Mechanical Door Repairers	false
49-9012	Control and Valve Installers and Repairers, Except Mechanical Door	false
49-9021	Heating, Air Conditioning, and Refrigeration Mechanics and Installers	false
49-9031	Home Appliance Repairers	false
49-9041	Industrial Machinery Mechanics	false
49-9043	Maintenance Workers, Machinery	false
49-9044	Millwrights	false
49-9045	Refractory Materials Repairers, Except Brickmasons	false
49-9051	Electrical Power-Line Installers and Repairers	false
49-9052	Telecommunications Line Installers and Repairers	false
49-9061	Camera and Photographic Equipment Repairers	false
49-9062	Medical Equipment Repairers	false
49-9063	Musical Instrument Repairers and Tuners	false
49-9064	Watch and Clock Repairers	false
49-9071	Maintenance and Repair Workers, General	false
49-9081 | 49-9099	Installation, Maintenance, and Repair Workers, All Other; Wind Turbine Service Technicians	false
49-9091	Coin, Vending, and Amusement Machine Servicers and Repairers	false
49-9092	Commercial Divers	false
49-9094	Locksmiths and Safe Repairers	false
49-9095	Manufactured Building and Mobile Home Installers	false
49-9096	Riggers	false
49-9097	Signal and Track Switch Repairers	false
49-9098	Helpers--Installation, Maintenance, and Repair Workers	false
51-1011	First-Line Supervisors of Production and Operating Workers	false
51-2011	Aircraft Structure, Surfaces, Rigging, and Systems Assemblers	false
51-2021	Coil Winders, Tapers, and Finishers	false
51-2022 | 51-2023	Electrical, Electronic, and Electromechanical Assemblers, Except Coil Winders, Tapers, and Finishers	false
51-2031	Engine and Other Machine Assemblers	false
51-2041	Structural Metal Fabricators and Fitters	false
51-2051	Fiberglass Laminators and Fabricators	false
51-2061	Timing Device Assemblers and Adjusters	false
51-2092 | 51-2099	Miscellaneous Assemblers and Fabricators	false
51-3011	Bakers	false
51-3021	Butchers and Meat Cutters	false
51-3022	Meat, Poultry, and Fish Cutters and Trimmers	false
51-3023	Slaughterers and Meat Packers	false
51-3091	Food and Tobacco Roasting, Baking, and Drying Machine Operators and Tenders	false
51-3092	Food Batchmakers	false
51-3093	Food Cooking Machine Operators and Tenders	false
51-4021	Extruding and Drawing Machine Setters, Operators, and Tenders, Metal and Plastic	false
51-4022	Forging Machine Setters, Operators, and Tenders, Metal and Plastic	false
51-4023	Rolling Machine Setters, Operators, and Tenders, Metal and Plastic	false
51-4031	Cutting, Punching, and Press Machine Setters, Operators, and Tenders, Metal and Plastic	false
51-4032	Drilling and Boring Machine Tool Setters, Operators, and Tenders, Metal and Plastic	false
51-4033	Grinding, Lapping, Polishing, and Buffing Machine Tool Setters, Operators, and Tenders, Metal and Plastic	false
51-4034	Lathe and Turning Machine Tool Setters, Operators, and Tenders, Metal and Plastic	false
51-4035	Milling and Planing Machine Setters, Operators, and Tenders, Metal and Plastic	false
51-4041	Machinists	false
51-4051	Metal-Refining Furnace Operators and Tenders	false
51-4052	Pourers and Casters, Metal	false
51-4061	Model Makers, Metal and Plastic	false
51-4062	Patternmakers, Metal and Plastic	false
51-4071	Foundry Mold and Coremakers	false
51-4072	Molding, Coremaking, and Casting Machine Setters, Operators, and Tenders, Metal and Plastic	false
51-4081	Multiple Machine Tool Setters, Operators, and Tenders, Metal and Plastic	false
51-4111	Tool and Die Makers	false
51-4121	Welders, Cutters, Solderers, and Brazers	false
51-4122	Welding, Soldering, and Brazing Machine Setters, Operators, and Tenders	false
51-4191	Heat Treating Equipment Setters, Operators, and Tenders, Metal and Plastic	false
51-4192	Layout Workers, Metal and Plastic	false
51-4193	Plating Machine Setters, Operators, and Tenders, Metal and Plastic	false
51-4194	Tool Grinders, Filers, and Sharpeners	false
51-5111	Prepress Technicians and Workers	false
51-5112	Printing Press Operators	false
51-5113	Print Binding and Finishing Workers	false
51-6011	Laundry and Dry-Cleaning Workers	false
51-6021	Pressers, Textile, Garment, and Related Materials	false
51-6031	Sewing Machine Operators	false
51-6041	Shoe and Leather Workers and Repairers	false
51-6042	Shoe Machine Operators and Tenders	false
51-6051	Sewers, Hand	false
51-6052	Tailors, Dressmakers, and Custom Sewers	false
51-6061	Textile Bleaching and Dyeing Machine Operators and Tenders	false
51-6062	Textile Cutting Machine Setters, Operators, and Tenders	false
51-6063	Textile Knitting and Weaving Machine Setters, Operators, and Tenders	false
51-6064	Textile Winding, Twisting, and Drawing Out Machine Setters, Operators, and Tenders	false
51-6091	Extruding and Forming Machine Setters, Operators, and Tenders, Synthetic and Glass Fibers	false
51-6092	Fabric and Apparel Patternmakers	false
51-6093	Upholsterers	false
51-7011	Cabinetmakers and Bench Carpenters	false
51-7021	Furniture Finishers	false
51-7031	Model Makers, Wood	false
51-7032	Patternmakers, Wood	false
51-7041	Sawing Machine Setters, Operators, and Tenders, Wood	false
51-7042	Woodworking Machine Setters, Operators, and Tenders, Except Sawing	false
51-8011	Nuclear Power Reactor Operators	false
51-8012	Power Distributors and Dispatchers	false
51-8013	Power Plant Operators	false
51-8021	Stationary Engineers and Boiler Operators	false
51-8031	Water and Wastewater Treatment Plant and System Operators	false
51-8091	Chemical Plant and System Operators	false
51-8092	Gas Plant Operators	false
51-8093	Petroleum Pump System Operators, Refinery Operators, and Gaugers	false
51-9011	Chemical Equipment Operators and Tenders	false
51-9012	Separating, Filtering, Clarifying, Precipitating, and Still Machine Setters, Operators, and Tenders	false
51-9021	Crushing, Grinding, and Polishing Machine Setters, Operators, and Tenders	false
51-9022	Grinding and Polishing Workers, Hand	false
51-9023	Mixing and Blending Machine Setters, Operators, and Tenders	false
51-9031	Cutters and Trimmers, Hand	false
51-9032	Cutting and Slicing Machine Setters, Operators, and Tenders	false
51-9041	Extruding, Forming, Pressing, and Compacting Machine Setters, Operators, and Tenders	false
51-9051	Furnace, Kiln, Oven, Drier, and Kettle Operators and Tenders	false
51-9061	Inspectors, Testers, Sorters, Samplers, and Weighers	false
51-9071	Jewelers and Precious Stone and Metal Workers	false
51-9081	Dental Laboratory Technicians	false
51-9082	Medical Appliance Technicians	false
51-9083	Ophthalmic Laboratory Technicians	false
51-9111	Packaging and Filling Machine Operators and Tenders	false
51-9123	Painting, Coating, and Decorating Workers	false
51-9124	Coating, Painting, and Spraying Machine Setters, Operators, and Tenders	false
51-9141	Semiconductor Processing Technicians	false
51-9151	Photographic Process Workers and Processing Machine Operators	false
51-9161	Computer Numerically Controlled Tool Operators	false
51-9162	Computer Numerically Controlled Tool Programmers	false
51-9191	Adhesive Bonding Machine Operators and Tenders	false
51-9192	Cleaning, Washing, and Metal Pickling Equipment Operators and Tenders	false
51-9193	Cooling and Freezing Equipment Operators and Tenders	false
51-9194	Etchers and Engravers	false
51-9195	Molders, Shapers, and Casters, Except Metal and Plastic	false
51-9196	Paper Goods Machine Setters, Operators, and Tenders	false
51-9197	Tire Builders	false
51-9198	Helpers--Production Workers	false
53-1041	Aircraft Cargo Handling Supervisors	false
53-1042 | 53-1043 | 53-1044 | 53-1049	First-Line Supervisors of Transportation and Material Moving Workers, Except Aircraft Cargo Handling Supervisors	false
53-2021	Air Traffic Controllers	false
53-2022	Airfield Operations Specialists	false
53-3011	Ambulance Drivers and Attendants, Except Emergency Medical Technicians	false
53-3031	Driver/Sales Workers	false
53-3032	Heavy and Tractor-Trailer Truck Drivers	false
53-3033	Light Truck Drivers	false
53-3051 | 53-3053 | 53-3054	Bus Drivers, School; Shuttle Drivers and Chauffeurs; Taxi Drivers	false
53-3052	Bus Drivers, Transit and Intercity	false
53-4011	Locomotive Engineers	false
53-4013	Rail Yard Engineers, Dinkey Operators, and Hostlers	false
53-4022	Railroad Brake, Signal, and Switch Operators and Locomotive Firers	false
53-4031	Railroad Conductors and Yardmasters	false
53-4041	Subway and Streetcar Operators	false
53-5011	Sailors and Marine Oilers	false
53-5021	Captains, Mates, and Pilots of Water Vessels	false
53-5022	Motorboat Operators	false
53-5031	Ship Engineers	false
53-6011	Bridge and Lock Tenders	false
53-6021	Parking Attendants	false
53-6031	Automotive and Watercraft Service Attendants	false
53-6032 | 53-6099	Aircraft Service Attendants	false
53-6041	Traffic Technicians	false
53-6051	Transportation Inspectors	false
53-6061	Passenger Attendants	false
53-7011	Conveyor Operators and Tenders	false
53-7021	Crane and Tower Operators	false
53-7031	Dredge Operators	false
53-7041	Hoist and Winch Operators	false
53-7051	Industrial Truck and Tractor Operators	false
53-7061	Cleaners of Vehicles and Equipment	false
53-7062	Laborers and Freight, Stock, and Material Movers, Hand	false
53-7063	Machine Feeders and Offbearers	false
53-7064	Packers and Packagers, Hand	false
53-7065	Stockers and Order Fillers	false
53-7071	Gas Compressor and Gas Pumping Station Operators	false
53-7072	Pump Operators, Except Wellhead Pumpers	false
53-7073	Wellhead Pumpers	false
53-7081	Refuse and Recyclable Material Collectors	false
53-7121	Tank Car, Truck, and Ship Loaders	false
39-1014	First-Line Supervisors of Personal Service and Entertainment and Recreation Workers, Except Gambling Services	false
