account	year	gfcf	volume
113FF	1997	148.2311597201686	172.424235151339
113FF	1998	151.4530765519606	169.50147751186768
113FF	1999	170.34435862530069	184.45774867946287
113FF	2000	195.31316635335392	193.9828143931868
113FF	2001	177.07282430996736	166.57012637350613
113FF	2002	208.78136930875976	200.68510285016117
113FF	2003	227.9288748224491	216.26896241088824
113FF	2004	270.42396355938666	257.2573912401749
113FF	2005	281.0351918311678	268.4621759484879
113FF	2006	560.008014385218	534.737701503313
113FF	2007	337.9535460214392	324.22681180885826
113FF	2008	324.01201752672114	306.20565172653886
113FF	2009	311.64022567029804	307.7759884250501
113FF	2010	323.07016520388515	323.52070699556344
113FF	2011	370.8059979175896	375.7312702143816
113FF	2012	414.8061082045031	415.5894117359821
113FF	2013	380.91448419437177	388.4660294184387
113FF	2014	403.7578769810902	413.30270143345035
113FF	2015	435.3030398589141	442.56503938054084
113FF	2016	446.82354915395825	453.1101292794608
113FF	2017	384.51084624494365	384.51084624494365
113FF	2018	379.0492895656756	372.69734929613566
113FF	2019	368.1455657460972	348.1003277999165
113FF	2020	391.90041961795555	383.0752159092848
113FF	2021	452.60365525361294	433.6775349207237
113FF	2022	497.22516735750287	467.4393201068896
113FF	2023	636.9743325217225	603.1132313717835
211	1997	798.9861338788415	929.3901045546509
211	1998	822.1358122818408	920.1083138735853
211	1999	845.3437722604526	915.3822900255872
211	2000	1103.7988242206484	1096.2804323126732
211	2001	1337.7145233762228	1258.3708317680528
211	2002	1215.9988744527113	1168.8440400270133
211	2003	1292.3869912220362	1226.2737393085688
211	2004	1490.7556291188948	1418.1727797932826
211	2005	1795.7063551173594	1715.3696386498957
211	2006	2222.286612549151	2122.006122681454
211	2007	2435.17454481878	2336.2645196644653
211	2008	2901.703199409793	2742.237544380535
211	2009	2466.6264159921343	2436.0410522243856
211	2010	2449.5537084583852	2452.9697661309488
211	2011	2716.701379773637	2752.7862708476746
211	2012	3335.6288213024113	3341.9276915064656
211	2013	3568.1702757187104	3638.908460593066
211	2014	3794.681376635849	3884.387533859194
211	2015	3795.561653043266	3858.881603479722
211	2016	3650.2999775844587	3701.65784208076
211	2017	3185.1953144180616	3185.1953144180616
211	2018	3512.401053917678	3453.541791253664
211	2019	3164.11057256672	2991.8272281059876
211	2020	2733.136314902351	2671.588831064256
211	2021	1963.4998145581908	1881.3939072536841
211	2022	2174.4104066052837	2044.1542158828988
211	2023	2292.604905629291	2170.7316642083524
212	1997	210.66633288854862	245.04956575269284
212	1998	219.4829313053716	245.63833229318868
212	1999	218.91814674800506	237.0559777858098
212	2000	209.0595452569129	207.6355615029401
212	2001	207.2158005157188	194.9252360603345
212	2002	192.65141440920064	185.18064635242007
212	2003	211.38178819213286	200.56835730217057
212	2004	214.2667237594194	203.83437051362648
212	2005	229.35743975318138	219.09639481415488
212	2006	276.0952759447543	263.6365006609769
212	2007	277.8462008455337	266.56086001724105
212	2008	283.60063662160695	268.01511385181516
212	2009	258.98297783537845	255.77167330405817
212	2010	280.53388995415935	280.9251122179876
212	2011	292.59122090070196	296.477596640792
212	2012	298.212846473704	298.7759798778536
212	2013	298.63359724829303	304.55394212521696
212	2014	326.6447810840284	334.3666541953056
212	2015	355.0759197941433	360.9995199613326
212	2016	290.0812587467809	294.1625545501719
212	2017	311.44050514397594	311.44050514397594
212	2018	337.81290181104663	332.15198268086607
212	2019	333.9444379287736	315.7614246266317
212	2020	300.4469463672981	293.6811829932137
212	2021	378.9404899659769	363.09467602070197
212	2022	436.920346063373	410.74700741743976
212	2023	466.01251815881386	441.2396251098223
213	1997	259.47775074942695	301.8275833247244
213	1998	281.4219092003773	314.9584709644983
213	1999	273.2863556333132	295.9287076587037
213	2000	245.2110169929949	243.54079187094135
213	2001	208.0046964490419	195.66734030937013
213	2002	255.47606285375022	245.56903769386275
213	2003	258.83275961248245	245.59193039031808
213	2004	273.1450312227305	259.84597384670894
213	2005	424.4957097814874	405.5045248468318
213	2006	605.7694828364023	578.4341876756878
213	2007	655.8645781778289	629.2251809882446
213	2008	683.7652144828602	646.1882948875311
213	2009	528.3256696624425	521.7746035221874
213	2010	573.3712271251653	574.1708295886202
213	2011	727.252877969522	736.9126959679937
213	2012	946.8879200337976	948.6759859205026
213	2013	953.4956022670309	972.3984412512116
213	2014	1102.530298606736	1128.5940827545369
213	2015	857.5319542190131	871.8378424649037
213	2016	681.7686656774412	691.3608041221439
213	2017	926.326250611776	926.326250611776
213	2018	1149.2952892976543	1130.035907389705
213	2019	1064.3324442443	1006.3803755959126
213	2020	671.1359093742898	656.0226029833296
213	2021	842.7901567962385	807.5479581578682
213	2022	912.5094480166222	857.8463520639142
213	2023	1025.9161595163323	971.3791882835789
22	1997	1151.1413905618067	1339.0212570242888
22	1998	1207.3044145483689	1351.176791726254
22	1999	1359.9826396568571	1472.6600750310831
22	2000	1767.3002496457837	1755.262498196573
22	2001	1996.5377359442118	1878.1173468128914
22	2002	2081.161363105486	2000.456667112598
22	2003	2132.712917392737	2023.6120154768448
22	2004	2017.4297585627912	1919.2038673901939
22	2005	1965.3314022832155	1877.4059621465894
22	2006	2143.262862195276	2046.5483121806662
22	2007	2261.2387725967974	2169.3935353207553
22	2008	2509.9724853234134	2372.0347367077297
22	2009	2522.4786123845624	2491.2006995818997
22	2010	2483.31720912526	2486.780352136311
22	2011	2584.2032272465217	2618.5281967343853
22	2012	2550.643943338994	2555.460478989858
22	2013	2708.727168831365	2762.427084596845
22	2014	2921.682401360343	2990.7508882343236
22	2015	3083.6162863969357	3135.059115750834
22	2016	3395.5843905864604	3443.358536297326
22	2017	3436.8705707444205	3436.8705707444205
22	2018	3441.35812166093	3383.6893650199845
22	2019	3520.3757659376356	3328.6940605090367
22	2020	3529.3792241640926	3449.901149992181
22	2021	3709.8312259180766	3554.7005472736637
22	2022	3882.0409550083036	3649.4906206778505
22	2023	4102.526867934412	3884.4394660519597
23	1997	3852.5908799521403	4481.379199088794
23	1998	4321.225569519732	4836.178540383534
23	1999	4848.142370841213	5249.821210516212
23	2000	5289.670590958076	5253.640640849191
23	2001	5479.868411632639	5154.841672587773
23	2002	5775.6534308842	5551.681199531489
23	2003	6258.610971457361	5938.445938386971
23	2004	7025.822930838297	6683.745237340754
23	2005	7873.59920111299	7521.348341836545
23	2006	8578.883131449378	8191.761777218374
23	2007	8812.68335608498	8454.736639582881
23	2008	8408.716317704484	7946.607906399464
23	2009	7566.573097473439	7472.750056756348
23	2010	7257.438183101471	7267.55913995289
23	2011	7539.264764959407	7639.40589561417
23	2012	7960.02103866114	7975.052429151553
23	2013	8429.690718896636	8596.807469059811
23	2014	9231.464939360076	9449.696501659566
23	2015	9899.154282878671	10064.298210405746
23	2016	10344.157042125813	10489.694071674132
23	2017	10893.448185226303	10893.448185226303
23	2018	11631.56298635225	11436.646400661359
23	2019	12505.676765480437	11824.752452473862
23	2020	11771.171105553844	11506.096158715563
23	2021	13687.823372444362	13115.451962635363
23	2022	16527.186276455584	15537.139355602534
23	2023	17592.280081624544	16657.08702142124
311FT	1997	995.3791002920229	1157.8367218976032
311FT	1998	1092.40114297222	1222.5806961796402
311FT	1999	1159.927403412627	1256.0298397421063
311FT	2000	1356.1298538098972	1346.892739677032
311FT	2001	1394.5823027285014	1311.8656197469697
311FT	2002	1294.0265952316279	1243.8459485858316
311FT	2003	1479.877234604048	1404.172745873572
311FT	2004	1467.1349312445175	1395.702141339304
311FT	2005	1465.6141452019046	1400.0451685714831
311FT	2006	1470.5751613755774	1404.2155852807332
311FT	2007	1563.3515788326843	1499.8525806535276
311FT	2008	1630.5814393733685	1540.9714002208077
311FT	2009	1612.6439139349695	1592.6476549085664
311FT	2010	1616.1962844238142	1618.4501724274576
311FT	2011	1687.9117038757695	1710.3315805800783
311FT	2012	1791.8493431853074	1795.2330009729683
311FT	2013	1900.282203351614	1937.9548768585023
311FT	2014	2002.3222235057806	2049.6570625517
311FT	2015	2242.779903077279	2280.1953702160795
311FT	2016	2206.8118185420635	2237.8605386586264
311FT	2017	2352.109403865791	2352.109403865791
311FT	2018	2453.936738431095	2412.814752407578
311FT	2019	2618.626204099091	2476.044056608356
311FT	2020	2721.6402375278485	2660.3516338021554
311FT	2021	2850.758095282779	2731.550505761551
311FT	2022	3379.651663395371	3177.1965287505136
311FT	2023	3474.750381874575	3290.0351301851624
313TT	1997	318.48944152266023	370.4706787829977
313TT	1998	333.9378126670948	373.73260373971004
313TT	1999	340.80248838280136	369.03869466982985
313TT	2000	342.92610176981975	340.5903021911237
313TT	2001	318.9717353074172	300.0526052870006
313TT	2002	333.1652845864415	320.2455737535387
313TT	2003	332.0185737297122	315.03385649405936
313TT	2004	315.34141000409346	299.98786875200955
313TT	2005	303.01103667007857	289.4548604778495
313TT	2006	280.92311814573674	268.2464869030634
313TT	2007	304.29095022139984	291.9314971363363
313TT	2008	284.9834278230736	269.3219125448973
313TT	2009	246.7787208167109	243.71874509546538
313TT	2010	239.02779404007464	239.3611334263339
313TT	2011	231.14020593906096	234.21035167397298
313TT	2012	236.15389476389643	236.59983848575186
313TT	2013	253.3106209181715	258.33244783464005
313TT	2014	283.10159999942067	289.79411357805566
313TT	2015	292.89405133570557	297.78029440301
313TT	2016	286.9060884482153	290.94271122008894
313TT	2017	286.8683895582735	286.8683895582735
313TT	2018	318.70629293959627	313.36555390642616
313TT	2019	324.2982225698821	306.64043814495676
313TT	2020	292.0658682339177	285.48883831895404
313TT	2021	320.39465429074613	306.99699894542346
313TT	2022	338.4253390935177	318.15225937483007
313TT	2023	317.80660144860934	300.9122292135981
315AL	1997	404.2229168812864	470.19686957502694
315AL	1998	416.5649065618856	466.20622538234386
315AL	1999	405.8027527955405	439.4243683364121
315AL	2000	380.7277395598989	378.13445870704965
315AL	2001	333.79455504229304	313.99624099774
315AL	2002	302.96751156304	291.2188305862167
315AL	2003	307.8774281952627	292.1276735884813
315AL	2004	295.8373054485256	281.43339232766283
315AL	2005	281.9611372751058	269.34669623603435
315AL	2006	281.109710449063	268.42465924495116
315AL	2007	258.52053086667223	248.0201450666752
315AL	2008	265.7285675317043	251.12522005976143
315AL	2009	248.87822254590571	245.79221368737524
315AL	2010	275.62767412757813	276.0120543629341
315AL	2011	263.3610098752684	266.85913205581124
315AL	2012	298.5840414050568	299.14787575910765
315AL	2013	289.97395954706803	295.7226290258691
315AL	2014	295.43815063771234	302.4222999141337
315AL	2015	282.70281610980277	287.419042571298
315AL	2016	273.44369518869087	277.2909089330696
315AL	2017	264.92273652255574	264.92273652255574
315AL	2018	241.19026430044124	237.14850457524463
315AL	2019	264.130831169104	249.7491141192816
315AL	2020	229.5266236142923	224.35791465517917
315AL	2021	202.5310027998529	194.0619458542503
315AL	2022	324.54631930218346	305.1046503620168
315AL	2023	292.2768311686334	276.73960331079456
321	1997	316.0468158789389	367.62938779414776
321	1998	346.68999393007084	388.0044403691364
321	1999	376.5132329354642	407.70814986641193
321	2000	405.8321140267935	403.0678377699765
321	2001	409.92679246362337	385.61285669123544
321	2002	367.6560038374744	353.3987883492011
321	2003	382.18886013464356	362.6376354935551
321	2004	396.585287042682	377.276092717394
321	2005	426.68386450714405	407.59478541218715
321	2006	429.80036376515636	410.4056597785972
321	2007	437.64092778090526	419.86516905039986
321	2008	395.6730303780853	373.9284705004635
321	2009	310.9816963696507	307.12562467313825
321	2010	308.2217451422274	308.65157987241037
321	2011	323.9111562308539	328.21354252817656
321	2012	329.8074214659696	330.4302168222398
321	2013	333.2776282036536	339.8847833158373
321	2014	352.09164684094964	360.4150831175789
321	2015	360.1242023846589	366.1320211820907
321	2016	363.4439456711945	368.55741717446915
321	2017	386.4014247056254	386.4014247056254
321	2018	431.1793343420225	423.9538218490727
321	2019	467.70998192394416	442.243539435444
321	2020	445.72971923951997	435.69233378550064
321	2021	525.3903470979834	503.42057107983993
321	2022	583.9453610920783	548.9646150034819
321	2023	652.2957646948746	617.6201871397037
322	1997	494.45512374255907	575.1560379674434
322	1998	510.5717462738309	571.4156974522579
322	1999	538.6121662127866	583.2373222850185
322	2000	592.4016082110049	588.3665364572455
322	2001	581.2570671125741	546.7810405223487
322	2002	564.8382295252426	542.9345470875801
322	2003	578.6169711239877	549.0172847814661
322	2004	559.3975115295808	532.1612130381426
322	2005	569.7003367755178	544.21295444459
322	2006	570.1432409278116	544.415576830779
322	2007	562.6201166850273	539.7680504904125
322	2008	581.7813435263405	549.809037382797
322	2009	549.7019113327668	542.8857867615975
322	2010	574.7226415896378	575.524128686091
322	2011	609.9369888801616	618.0385454110458
322	2012	623.4922731051894	624.6696513783473
322	2013	662.3580085031405	675.489109218077
322	2014	684.7377532276595	700.9249337709325
322	2015	705.9309764776865	717.707761714803
322	2016	679.3012216142973	688.8586443757345
322	2017	681.4998760248398	681.4998760248398
322	2018	680.9718592705375	669.5604341751882
322	2019	726.1949252247286	686.6541798623952
322	2020	699.9102400914427	684.1489646822125
322	2021	719.6771677022197	689.5830742969576
322	2022	794.3608778519781	746.7753706756085
322	2023	848.1745978154897	803.0862412160349
323	1997	752.9937848166699	875.8912610940112
323	1998	800.4951556840012	895.8887776900312
323	1999	836.9366239984275	906.2785917655306
323	2000	847.6006582974197	841.827329144766
323	2001	893.3323870375448	840.3462766364974
323	2002	788.4156395006859	757.8419196392932
323	2003	808.3021652123583	766.9527203217416
323	2004	885.708849040759	842.5848985551356
323	2005	904.6963900772655	864.2218786563683
323	2006	950.9917964599861	908.0783744600329
323	2007	943.7638823772802	905.4308152284459
323	2008	896.4459590350226	847.1809818020212
323	2009	753.0263491850923	743.6890678411472
323	2010	718.1857013663074	719.1872567790369
323	2011	706.303109747902	715.6846600979926
323	2012	712.6753090982934	714.0210971071317
323	2013	742.1844785259651	756.8981213165329
323	2014	751.203603430126	768.9620347363634
323	2015	719.9858449507262	731.9971023573016
323	2016	728.3515216245117	738.59905716487
323	2017	745.1292270530602	745.1292270530602
323	2018	763.6690651899517	750.8718369103786
323	2019	785.5670724337384	742.7935601201904
323	2020	722.8235313073426	706.546271600842
323	2021	847.8434781129534	812.3899692780997
323	2022	952.2484909833966	895.2048617403397
323	2023	909.2637172344143	860.9279066227768
324	1997	329.1784732165011	382.90428665463725
324	1998	339.6023547562196	380.07217950399234
324	1999	362.76788875977195	392.82397488149417
324	2000	391.4562782675425	388.7899212736121
324	2001	395.297677366018	371.8514364392204
324	2002	292.9786490188691	281.6173229724388
324	2003	315.6412546488735	299.4943343188014
324	2004	293.26690895425867	278.98814491739483
324	2005	316.8894458543579	302.7123742576662
324	2006	359.14735099466554	342.94085805669226
324	2007	312.4799808222141	299.78791206307517
324	2008	432.10261754844686	408.3560376221347
324	2009	356.0805109919395	351.66522869029694
324	2010	373.5143523081638	374.0352417112453
324	2011	392.7851699265626	398.0023830431099
324	2012	506.91606897227814	507.8733093290033
324	2013	538.5396029626334	549.2160312305808
324	2014	533.4943076950119	546.1060975908679
324	2015	535.0132415952372	543.9386695127356
324	2016	529.6690497484627	537.1212239401483
324	2017	522.7919236205985	522.7919236205985
324	2018	545.5995020479754	536.4565870142329
324	2019	624.0621824498122	590.0824850030506
324	2020	561.8375734926649	549.1855558140628
324	2021	541.3800237126475	518.7416217561573
324	2022	614.7033937317074	577.8801140746624
324	2023	644.6269638227174	610.3590542515965
325	1997	1889.8119916331557	2198.2516216719573
325	1998	2012.39427373143	2252.207815777669
325	1999	2163.425012888792	2342.669346579895
325	2000	2535.5684857346832	2518.2977683114023
325	2001	2723.722357215805	2562.1705590101797
325	2002	2767.477876557447	2660.1587303085794
325	2003	2955.1554224098736	2803.9817134417162
325	2004	3099.6809569725915	2948.761737576191
325	2005	3344.7579354831623	3195.1193995669432
325	2006	3444.2620413417476	3288.840016663182
325	2007	3682.6448158923035	3533.066013769345
325	2008	3696.388958346745	3493.2506475072437
325	2009	3573.733920221807	3529.4207841706952
325	2010	3803.648025767451	3808.95245366274
325	2011	3739.8225920511936	3789.4972054905384
325	2012	4024.5704173859335	4032.170257789128
325	2013	4178.656810601993	4261.497755723455
325	2014	4436.969168515851	4541.858990432571
325	2015	4505.929437292726	4581.100190588428
325	2016	4408.894835055006	4470.925743448192
325	2017	4627.621372924753	4627.621372924753
325	2018	4747.823842672606	4668.261911575177
325	2019	4914.907611162272	4647.294738114142
325	2020	5170.771152443504	5054.33058114808
325	2021	5413.349521657928	5186.984349256749
325	2022	6300.89501536758	5923.445302861475
325	2023	6574.99019865693	6225.468409772306
326	1997	542.6348156674574	631.199224471957
326	1998	590.2142600874037	660.549071771851
326	1999	640.2417209971501	693.2871004291565
326	2000	669.0170987875182	664.460169905688
326	2001	687.1714369604538	646.4133248047117
326	2002	709.671446307355	682.1513225224294
326	2003	728.4930016350472	691.2262683257353
326	2004	721.0732198623159	685.9651526193065
326	2005	722.2076287197112	689.8973407186962
326	2006	772.4949200888292	737.636154091065
326	2007	793.9811717814412	761.731862244248
326	2008	798.2452748901833	754.3770027456497
326	2009	677.4773630294943	669.076864495006
326	2010	723.5364672548038	724.5454846492012
326	2011	782.9243512795765	793.3236318723848
326	2012	836.8278629256376	838.4080957315309
326	2013	884.3043465431477	901.8354842180071
326	2014	968.0877459645656	990.9733120835532
326	2015	1021.6305271149444	1038.6740111245958
326	2016	1107.045907069944	1122.6214800463067
326	2017	1171.2115749918496	1171.2115749918496
326	2018	1268.8563482221195	1247.5934149931238
326	2019	1253.0969520281865	1184.8668036570318
326	2020	1247.502635071236	1219.4101290914273
326	2021	1342.02768727675	1285.9093214512761
326	2022	1521.9861655631905	1430.8128895081247
326	2023	1595.0642441043326	1510.2717666799358
327	1997	377.0741855552381	438.6171447515818
327	1998	404.06814210562	452.22024313834436
327	1999	435.97401915658696	472.095387868141
327	2000	490.1020242793439	486.76375374256753
327	2001	477.1471974276521	448.84622631398594
327	2002	483.78372337132816	465.02322790319687
327	2003	498.29683578417985	472.80600025609067
327	2004	499.69956537847713	475.36987810211434
327	2005	509.3158888746303	486.5299996114487
327	2006	534.3195501648221	510.20842699383167
327	2007	543.678673138183	521.5959557615673
327	2008	541.9920848909528	512.2064325005261
327	2009	446.67934581400226	441.14066748367804
327	2010	475.8654817556537	476.52910628629627
327	2011	482.4654049963349	488.8738059033697
327	2012	506.652885668913	507.6096290406448
327	2013	490.14958472210066	499.8666916034915
327	2014	529.862981432054	542.3889268808161
327	2015	568.2713686208796	577.7516295637312
327	2016	603.6701989484062	612.1635316795323
327	2017	619.3288017388148	619.3288017388148
327	2018	639.1912327953155	628.4799489509861
327	2019	686.0725150460178	648.7164035183378
327	2020	651.0933172421123	636.4313498892391
327	2021	678.923725604677	650.5337822657361
327	2022	801.2187359040412	753.2224146220809
327	2023	857.9279226564133	812.3210862656626
331	1997	503.59910554254435	585.7924255601506
331	1998	529.3736253997812	592.458163966662
331	1999	551.3595460964568	597.0408495275958
331	2000	566.1839489701431	562.3274556246567
331	2001	512.2714984766143	481.8872041563289
331	2002	444.7119088413592	427.46656686849866
331	2003	458.8495445529242	435.37667169405836
331	2004	501.9061505638266	477.46902767769393
331	2005	528.9168515589616	505.2540500004191
331	2006	565.7243265175164	540.1960655484356
331	2007	546.4973040489123	524.3001017147917
331	2008	550.7095410734078	520.4448132004828
331	2009	439.20891474093736	433.76286732155694
331	2010	488.0165115654678	488.6970814761885
331	2011	583.2980455481529	591.0457673235429
331	2012	619.5713133360919	620.7412874231177
331	2013	608.3824302085671	620.4434770468475
331	2014	625.1901281294842	639.9696045497643
331	2015	688.7083671531403	700.1978339724564
331	2016	650.0526128056654	659.198522514169
331	2017	684.2941197412922	684.2941197412922
331	2018	755.4401532921564	742.7808214769665
331	2019	747.714718408912	707.0022371489714
331	2020	680.5207993406547	665.1961546566215
331	2021	823.2559087098249	788.8305561698118
331	2022	907.1666995326863	852.8236563461861
331	2023	1013.1667389641889	959.3075178335628
332	1997	1223.3891104377813	1423.0606578126258
332	1998	1313.0914579412452	1469.570293957639
332	1999	1382.7356433200243	1497.2982131254314
332	2000	1503.2310066081643	1492.991930802045
332	2001	1520.0505647642058	1429.8919986935616
332	2002	1547.4173651044193	1487.410558213426
332	2003	1663.1104431966728	1578.0324902013317
332	2004	1712.652426414677	1629.2657260155825
332	2005	1828.0915839118263	1746.3060097644975
332	2006	1937.2369841029833	1849.8193338959177
332	2007	2044.2587100779392	1961.2266001760263
332	2008	2117.330267067085	2000.9705173794525
332	2009	1830.1704632489123	1807.4769458955996
332	2010	1848.3180196009553	1850.8956160547068
332	2011	2047.9103144609037	2075.1119131264422
332	2012	2193.230223310517	2197.3718329572553
332	2013	2215.888290020938	2259.8177842457753
332	2014	2341.3635559942277	2396.7133222655743
332	2015	2504.4790575583847	2546.260354844542
332	2016	2337.27209129283	2370.1563211075613
332	2017	2480.656360903439	2480.656360903439
332	2018	2719.3302887605714	2673.7609550542616
332	2019	2788.9267279795513	2637.0718502397785
332	2020	2547.391462522064	2490.0267661423018
332	2021	2797.2936110507985	2680.3216978224264
332	2022	3207.9784570359097	3015.8072585981054
332	2023	3473.3276066197454	3288.687988647985
333	1997	1401.775679690529	1630.562021377087
333	1998	1488.1317348109606	1665.4698176185138
333	1999	1553.5575236858292	1682.2730472306157
333	2000	1720.7659707270552	1709.0451818786266
333	2001	1689.7149142412586	1589.4930681608914
333	2002	1649.1246713370133	1585.1737890969036
333	2003	1690.649869518005	1604.1631116969415
333	2004	1743.1604893158462	1658.2883931285235
333	2005	1814.6529546310483	1733.4686009155369
333	2006	1926.957081305184	1840.0033108166638
333	2007	2066.870052712826	1982.9195328868482
333	2008	2089.2210390839914	1974.4060567776683
333	2009	1851.8233555161166	1828.861349354639
333	2010	1973.3292492989376	1976.0811818241505
333	2011	2326.3652663809034	2357.2654742067534
333	2012	2528.824479134591	2533.5998117678796
333	2013	2585.5202660657883	2636.777632291259
333	2014	2787.6452622304296	2853.5451150392196
333	2015	3338.821629393785	3394.5219550412075
333	2016	2779.742564283982	2818.8521286561595
333	2017	3088.9887602490194	3088.9887602490194
333	2018	3391.4976357350247	3334.664419054527
333	2019	3656.6609462058595	3457.558619367688
333	2020	3347.4352643485713	3272.0543853531804
333	2021	3607.230370771934	3456.3900598879504
333	2022	3972.730058777781	3734.7470714572805
333	2023	4348.797617471237	4117.618638213408
334	1997	4361.804087649309	5073.702014560888
334	1998	4823.5728596358595	5398.389687474714
334	1999	5389.414417620993	5835.938790093596
334	2000	6454.071666936954	6410.110540027389
334	2001	6408.548147351496	6028.43874510308
334	2002	5029.242926974882	4834.21551166181
334	2003	5727.866883800039	5434.852555438997
334	2004	6425.136212185501	6112.3051321102
334	2005	6916.1587796745125	6606.742106206006
334	2006	7285.446769443989	6956.691618412042
334	2007	7507.890945464373	7202.9412719998
334	2008	7502.4155507473415	7090.113696324409
334	2009	7154.196647631526	7065.486940512862
334	2010	7677.667743161993	7688.374736730193
334	2011	8244.766455499532	8354.278491563786
334	2012	8506.507505044996	8522.57085907345
334	2013	8132.17393688977	8293.392482790656
334	2014	8971.438702576294	9183.5232522115
334	2015	9682.53071502572	9844.060791736058
334	2016	10231.073189956916	10375.019187208696
334	2017	10689.533857049357	10689.533857049357
334	2018	11563.304512011959	11369.531771630462
334	2019	12302.50029832101	11632.638784946475
334	2020	13223.559651426194	12925.778373745099
334	2021	13656.24814783879	13085.197090822981
334	2022	14127.204313493072	13280.926254005062
334	2023	16024.355195451399	15172.511903763927
335	1997	458.4116424456128	533.2298349575647
335	1998	488.9925750305517	547.264973726533
335	1999	527.9709112882117	571.7144169046944
335	2000	619.5378593518445	615.3179523124218
335	2001	617.7862275007535	581.1435514603678
335	2002	582.2202250124272	559.6424916883647
335	2003	594.7947329498651	564.3674582377184
335	2004	648.1664180732233	616.6080831308715
335	2005	693.8108748650841	662.7710072512967
335	2006	724.5748709077111	691.878492956219
335	2007	767.7544207203645	736.5703689539897
335	2008	768.6739745709568	726.4308192807008
335	2009	750.0552049217488	740.7547647984729
335	2010	781.7160522335861	782.8062047412766
335	2011	866.953253286186	878.4686572036089
335	2012	910.8725460766667	912.5926019484513
335	2013	974.6785810192852	994.0013678622781
335	2014	997.3634509110527	1020.941093842319
335	2015	1007.9938186885984	1024.8098065381018
335	2016	1057.6705875022694	1072.5514748398102
335	2017	1163.407559576428	1163.407559576428
335	2018	1209.0796961264514	1188.8184735827856
335	2019	1272.2763909665696	1203.0019371549429
335	2020	1205.281573567478	1178.139843473365
335	2021	1478.6139152085473	1416.784045828812
335	2022	1493.0879002993163	1403.6457500429146
335	2023	1611.5935075203581	1525.92234624343
3361MV	1997	888.52015612421	1033.537136358384
3361MV	1998	1026.9912603477105	1149.3760310705197
3361MV	1999	1142.0394490629164	1236.6598305768096
3361MV	2000	1304.9194209313982	1296.0311204552518
3361MV	2001	1187.0606324253454	1116.6526559150486
3361MV	2002	955.0495220665497	918.0139597584354
3361MV	2003	1069.6745285147542	1014.9543386262402
3361MV	2004	995.7879275497693	947.3043775340448
3361MV	2005	1007.1347041770889	962.0772843247598
3361MV	2006	1023.4330178070387	977.250692002205
3361MV	2007	1083.70671291927	1039.6895567516326
3361MV	2008	960.9391990015603	908.1299389630965
3361MV	2009	613.4801166014801	605.8731630681499
3361MV	2010	823.4854921605013	824.633894795653
3361MV	2011	960.8804442850868	973.6434466619211
3361MV	2012	1088.4274781962797	1090.4828218148205
3361MV	2013	1176.6542623568114	1199.9811723168552
3361MV	2014	1315.3138017029576	1346.4077816666208
3361MV	2015	1371.6908806711565	1394.5742920125572
3361MV	2016	1591.577753292723	1613.9704429595663
3361MV	2017	1669.8623560310912	1669.8623560310912
3361MV	2018	1647.6759636732133	1620.0649389518612
3361MV	2019	1455.1072092747158	1375.8777604886036
3361MV	2020	1336.7800608705104	1306.6771169584524
3361MV	2021	1467.1774728372832	1405.8258308911675
3361MV	2022	1859.394847490286	1748.0093936922433
3361MV	2023	2621.9548287265043	2482.5735803258053
3364OT	1997	855.0772316606331	994.6359317618468
3364OT	1998	941.3852510914523	1053.5685018794431
3364OT	1999	988.8662641812183	1070.7959236687434
3364OT	2000	1340.767015788236	1331.6345437645407
3364OT	2001	1349.2857348365783	1269.255721432839
3364OT	2002	1306.7191112826806	1256.0462655852182
3364OT	2003	1344.508545253934	1275.728967034773
3364OT	2004	1821.9046933653335	1733.198649758226
3364OT	2005	1789.3306113785115	1709.2791343743697
3364OT	2006	2047.7285744274259	1955.3250008289185
3364OT	2007	2299.658240668448	2206.2525113276915
3364OT	2008	2303.8542296993464	2177.24389136231
3364OT	2009	2664.663387367945	2631.622429688722
3364OT	2010	2731.9695159417633	2735.779420331253
3364OT	2011	3111.098296024165	3152.421808416244
3364OT	2012	3210.0457548473614	3216.107478930608
3364OT	2013	3394.3272691515385	3461.6190549508988
3364OT	2014	3648.2607817362577	3734.5055603606847
3364OT	2015	3679.858116557399	3741.2478277130012
3364OT	2016	3766.6502210985045	3819.645074356605
3364OT	2017	3879.0494133515595	3879.0494133515595
3364OT	2018	4277.751542759566	4206.0668752624315
3364OT	2019	4426.0572614857265	4185.061907405891
3364OT	2020	3927.154726267449	3838.719147431974
3364OT	2021	3568.59149794579	3419.3669140851
3364OT	2022	4155.358934717296	3906.4357211986817
3364OT	2023	4769.666760322997	4516.114677645802
337	1997	328.11092983688735	381.6625075909892
337	1998	360.531231908843	403.495114717969
337	1999	393.6460807496962	426.26049032420576
337	2000	430.2794743867729	427.3486778979458
337	2001	439.9641598413204	413.8686215130133
337	2002	397.8565294732063	382.4281773861735
337	2003	434.27196087012504	412.0563770372874
337	2004	449.33271503059444	427.45532069775504
337	2005	424.92803635421603	405.9175098957106
337	2006	422.0530474051162	403.0079403946436
337	2007	426.5513705596276	409.2260388369278
337	2008	402.9770809437209	380.83112053414516
337	2009	336.30072583502596	332.13070642376255
337	2010	322.83560557594615	323.2858202593785
337	2011	350.0164027322111	354.66553489695815
337	2012	360.7250179431255	361.4061968719285
337	2013	390.58409849439585	398.32734167880767
337	2014	395.48178534076766	404.8309632277923
337	2015	432.5727305538715	439.7891813357662
337	2016	434.8177154504828	440.9353796007794
337	2017	470.0974761399925	470.0974761399925
337	2018	509.2782077568032	500.74394890103247
337	2019	516.5806789451368	488.45326524977133
337	2020	493.10616310530753	482.0019077343956
337	2021	546.3776241456964	523.5302420228426
337	2022	595.8721408200132	560.1769312197324
337	2023	625.2642415733626	592.025640505189
339	1997	900.6526372104636	1047.6497816060803
339	1998	987.9294677233248	1105.659312236987
339	1999	1046.8252725901623	1133.556958393259
339	2000	1210.6386914757882	1202.3925727612661
339	2001	1250.8951090809223	1176.7009263650257
339	2002	1067.7527109763075	1026.3466674745487
339	2003	1153.7955726925356	1094.772092982379
339	2004	1235.0179171923896	1174.8865867133702
339	2005	1294.86926893843	1236.9391151442483
339	2006	1337.0072871861373	1276.6749497825883
339	2007	1416.403089149419	1358.8727304018312
339	2008	1421.6897983584217	1343.5595833213522
339	2009	1407.0458411830111	1389.5989312612382
339	2010	1400.5400733881672	1402.49321515718
339	2011	1480.3902725265352	1500.053722521041
339	2012	1596.1452010558462	1599.1592988427667
339	2013	1653.6242406658148	1686.4069747312096
339	2014	1778.7492616793556	1820.7988424192743
339	2015	1876.2321790609396	1907.5326661680765
339	2016	1902.9298183958024	1929.7030732952014
339	2017	1948.0242402101412	1948.0242402101412
339	2018	2105.144166636709	2069.8670921945745
339	2019	2225.5650324025805	2104.384758103209
339	2020	2130.51864171556	2082.5415024295403
339	2021	2275.3580424027105	2180.2114398265767
339	2022	2518.714808465115	2367.83335781067
339	2023	2824.1592824313893	2674.0289895083415
42	1997	6250.843578298944	7271.0550539679
42	1998	6954.450114998292	7783.199896704434
42	1999	7452.050407653825	8069.46853030409
42	2000	8555.703181668652	8497.427046419536
42	2001	9021.368362487856	8486.285086700154
42	2002	9136.04603250728	8781.762202958233
42	2003	9527.46725287614	9040.080853241225
42	2004	10326.822087549725	9824.023267305754
42	2005	10953.626452294995	10463.58063824483
42	2006	11928.956418949037	11390.66329935434
42	2007	13970.010751593609	13402.587723217215
42	2008	14081.810807577851	13307.932491944042
42	2009	12859.863198216406	12700.405085155238
42	2010	12866.367040881312	12884.310003999964
42	2011	14322.132792807011	14512.368129537103
42	2012	15251.555831750886	15280.356269611528
42	2013	15758.178143455938	16070.580532540438
42	2014	16377.631247872632	16764.79797357283
42	2015	17161.17506462022	17447.468597397343
42	2016	17720.758606717034	17970.080669255483
42	2017	19147.334122530705	19147.334122530705
42	2018	20022.904332053055	19687.369361164056
42	2019	21707.998831311725	20526.015283507244
42	2020	21507.490594141986	21023.163514470427
42	2021	23934.743417338737	22933.885760103185
42	2022	26802.59595257205	25197.009426841716
42	2023	28892.34892432993	27356.452265020333
441	1997	1131.5187931721318	1316.196020056674
441	1998	1231.8817479112934	1378.682963361455
441	1999	1335.688227783416	1446.352819799204
441	2000	1453.8197669543006	1443.917249818317
441	2001	1583.8936759386947	1489.9483915243268
441	2002	1741.3860625160598	1673.857405068806
441	2003	1886.8887883196514	1790.3632470985067
441	2004	2017.5987805561674	1919.3646599342626
441	2005	2200.5670876613763	2102.117620305378
441	2006	2174.9940239114217	2076.8476079876177
441	2007	2181.8688921931316	2093.2474389714703
441	2008	2051.497533410994	1938.755679584306
441	2009	1786.852132854279	1764.6957486818737
441	2010	1891.0246334226983	1893.6617869522183
441	2011	2052.061074327563	2079.3178059270263
441	2012	2137.6398832927016	2141.6765183289144
441	2013	2169.8967413932305	2212.914463359993
441	2014	2177.0579279460726	2228.523513955773
441	2015	2294.414866279587	2332.691740400972
441	2016	2357.4197151490544	2390.5874117863186
441	2017	2571.2759101373026	2571.2759101373026
441	2018	2689.0064266034165	2643.9452467611723
441	2019	2741.4327090745383	2592.163843495585
441	2020	2578.476390325974	2520.4116926029974
441	2021	3411.650729278311	3268.9887965108223
441	2022	3932.9004673047334	3697.3034375052
441	2023	4164.530656239365	3943.147177199203
445	1997	589.8498323110169	686.1202892992989
445	1998	642.2229037779665	718.7554955014756
445	1999	671.285562792172	726.9029901133403
445	2000	658.552250537509	654.0666017011679
445	2001	711.9033682308684	669.6783341771408
445	2002	579.5351703140093	557.0615598739294
445	2003	596.0022832870661	565.513235220511
445	2004	671.5017755373098	638.807274008234
445	2005	742.634317187975	709.4101753849907
445	2006	719.0781857784864	686.6298452647823
445	2007	735.6514592681502	705.7713406147108
445	2008	754.6954969649493	713.2205412232228
445	2009	722.9119742647416	713.9481013565475
445	2010	710.475958838808	711.4667625276525
445	2011	693.271918679331	702.4803807710742
445	2012	706.3067299943752	707.6404918290473
445	2013	734.2489505560892	748.8052732634679
445	2014	771.2803193364439	789.5133636219709
445	2015	867.6992046816067	882.1747094043765
445	2016	843.6989347606295	855.569349749313
445	2017	799.3704202227077	799.3704202227077
445	2018	736.6998085575278	724.3545191470115
445	2019	684.1797236681775	646.9266731497329
445	2020	649.0574928924278	634.4413702585232
445	2021	577.3330242349597	553.1912079637257
445	2022	808.9237804191619	760.4658950530537
445	2023	792.4891932547786	750.3610330402245
452	1997	265.8431262219705	309.23186323035543
452	1998	289.43809554545294	323.9299323599003
452	1999	306.39479437357676	331.78025050758947
452	2000	342.3053351059155	339.97376380411225
452	2001	370.12364131181283	348.1705447878858
452	2002	337.83987272618896	324.7388875234088
452	2003	321.1703661294625	304.740598987517
452	2004	361.9136318810996	344.29255294729944
452	2005	437.1366051269103	417.57988896140165
452	2006	438.76027580967605	418.96125657236496
452	2007	413.7102263776141	396.9064662591984
452	2008	493.3865176682876	466.2720270344484
452	2009	535.6217926551632	528.9802569673592
452	2010	515.0350489866287	515.7532979577188
452	2011	509.72931789384324	516.4998547847898
452	2012	455.0504709898211	455.9097703923067
452	2013	459.01839909740283	468.11833712363466
452	2014	446.43660364035264	456.9903519479173
452	2015	472.4684247029561	480.3504405861639
452	2016	519.295759148793	526.6019864165902
452	2017	527.0924980656301	527.0924980656301
452	2018	489.7441847584035	481.5372684164566
452	2019	386.344719915021	365.3085522669003
452	2020	288.95625596762864	282.44925139668413
452	2021	192.92037521933005	184.8531972509567
452	2022	472.2253687289255	443.93711297635383
452	2023	711.0398083224295	673.2414393113547
481	1997	198.87365741235712	231.3321864027045
481	1998	228.26832525207476	255.4706664285676
481	1999	260.4593808004043	282.03899085715716
481	2000	364.64996549529394	362.166196451819
481	2001	503.6525187138629	473.7794408454605
481	2002	619.6430584952594	595.6141169886087
481	2003	639.4446088713809	606.7332284581136
481	2004	529.3479037253477	503.5746794715277
481	2005	562.9651021211886	537.7790422393484
481	2006	538.1091443054786	513.8270160289007
481	2007	709.1066390141017	680.3046972185105
481	2008	777.2352158083897	734.521569965527
481	2009	723.7398955678714	714.7657567053101
481	2010	731.175026656548	732.1946965054564
481	2011	830.7601821564873	841.7948475433257
481	2012	1034.4078799334306	1036.361215068366
481	2013	1142.5910205361151	1165.2426342767687
481	2014	1087.7628869260548	1113.477569891826
481	2015	842.6780047901057	856.7360900946662
481	2016	840.0950045177495	851.9147140405247
481	2017	928.8502977271559	928.8502977271559
481	2018	1233.7742004419556	1213.099158322008
481	2019	1430.189328651532	1352.3166389647558
481	2020	1101.4020424175765	1076.599574997519
481	2021	829.4266490320213	794.7432601891073
481	2022	1234.5872654553082	1160.63037404968
481	2023	1914.5078864380944	1812.7340128529668
482	1997	70.64313131593673	82.17292442992797
482	1998	77.80008935953192	87.0713913326925
482	1999	83.03395997272055	89.91349900937544
482	2000	95.28013002087754	94.6311409634326
482	2001	114.26771496907699	107.4901685054308
482	2002	85.71008431126916	82.38636015393428
482	2003	120.57093812940909	114.40302026878807
482	2004	100.40980526526789	95.52098940301244
482	2005	113.91082492363856	108.8146567119561
482	2006	143.08230496731423	136.6257284157133
482	2007	183.42409779299925	175.97392048837278
482	2008	247.96946981611387	234.3420892006438
482	2009	207.77326047133016	205.1969397478003
482	2010	212.82152338421818	213.11831646751858
482	2011	228.5246885274327	231.5600933586872
482	2012	273.3773233520962	273.89355833169884
482	2013	243.34673726501805	248.1710323964371
482	2014	268.43229294441915	274.7780245315183
482	2015	249.89323708996397	254.0621134864928
482	2016	229.97297613139872	233.20857896363037
482	2017	272.456739154345	272.456739154345
482	2018	311.77914194170216	306.55448503976913
482	2019	311.6824020981434	294.7115392248327
482	2020	414.6199875817139	405.28316202877824
482	2021	340.2485345796246	326.0206673633627
482	2022	416.94483002477773	391.96810753695235
482	2023	379.7934155716769	359.6038685143551
483	1997	30.504288767592463	35.482948858505566
483	1998	30.364854204591	33.98338131708288
483	1999	33.19915808396379	35.94977848190387
483	2000	39.03688195252467	38.77098696247367
483	2001	49.563773849753645	46.62400402700655
483	2002	93.65389829481246	90.02212349617156
483	2003	95.05476307829066	90.19214875328291
483	2004	113.16346772194517	107.65369350651558
483	2005	84.54729555885238	80.76479955551311
483	2006	92.91157563414811	88.71894887468426
483	2007	93.03272296913727	89.25399220479424
483	2008	144.1257474898931	136.20519009631406
483	2009	135.69810235625621	134.01549010648438
483	2010	134.88294039983714	135.07104319662815
483	2011	134.26020666843786	136.0435329365653
483	2012	123.92969368716052	124.16371764389649
483	2013	142.7509396957887	145.58094543623918
483	2014	168.36168918013553	172.3417546088094
483	2015	163.17406331090348	165.8962358233898
483	2016	142.3017353944603	144.3038484506079
483	2017	112.34998854949184	112.34998854949184
483	2018	121.81258734746038	119.77130590937679
483	2019	154.7060750677442	146.28245035242873
483	2020	177.98121461176677	173.9732564758794
483	2021	144.4914236761656	138.4493556552318
483	2022	217.05289511095148	204.05052756500268
483	2023	255.33495272543485	241.7615287742333
484	1997	539.2893299135261	627.3077159428443
484	1998	597.7282260798884	668.9584640846122
484	1999	667.3732258857714	722.6665078273746
484	2000	759.6632588702973	754.4889046556063
484	2001	783.5238784695366	737.0508261892784
484	2002	871.4784187479614	837.6836337321243
484	2003	826.5302353878153	784.2483167075432
484	2004	913.738696634771	869.2500112692007
484	2005	945.552051593742	903.2497303608527
484	2006	980.7168678876363	936.4621046280616
484	2007	1032.2294737446414	990.3031800297466
484	2008	1049.505361415419	991.8288699159199
484	2009	991.644176086696	979.3481114466919
484	2010	968.8571465479381	970.2082791553414
484	2011	980.957728124735	993.9874092781953
484	2012	1091.740176846121	1093.8017760344328
484	2013	1102.7106216425886	1124.571615314186
484	2014	1186.0984633872574	1214.137796516542
484	2015	1273.6302422248702	1294.877744224315
484	2016	1401.8490333456098	1421.5723364004114
484	2017	1448.347017423307	1448.347017423307
484	2018	1582.3002729608454	1555.7847851364513
484	2019	1708.076981726063	1615.0735268027274
484	2020	1665.9159664098706	1628.401212586881
484	2021	1873.6623048383817	1795.3130519480144
484	2022	2405.348637826539	2261.2582904060127
484	2023	2292.6627677222045	2170.7864503936817
485	1997	77.55022396876502	90.20733615571919
485	1998	81.041016843792	90.69853453504557
485	1999	93.69004885634808	101.4524673736042
485	2000	88.96022855512676	88.35428674052775
485	2001	99.76894275475722	93.8513601258212
485	2002	111.36321562567687	107.04469683074329
485	2003	125.80893939165307	119.3730667316369
485	2004	134.06696166315655	127.53942496440798
485	2005	129.7588479961987	123.95366734909115
485	2006	142.7003162550991	136.2609769108722
485	2007	145.13340020587788	139.2384846666048
485	2008	159.24820576100694	150.4965803538742
485	2009	154.39440604872246	152.47996572566032
485	2010	166.40487824354233	166.63694037760087
485	2011	143.7983689256122	145.7083869047459
485	2012	134.31790510631856	134.5715457527065
485	2013	147.94647603317466	150.87948212998603
485	2014	179.70524944833016	183.95347631136235
485	2015	195.39079741230088	198.65042977737303
485	2016	228.88227881244194	232.1025360880186
485	2017	240.3097754341008	240.3097754341008
485	2018	253.11010417423466	248.86859704682666
485	2019	356.8147319660255	337.38644905172146
485	2020	265.72215450022856	259.7383585511009
485	2021	378.0439989253503	362.23567274031626
485	2022	391.2059939236309	367.771134339873
485	2023	792.3823399252669	750.2598599574891
486	1997	119.4072797093957	138.89595759934693
486	1998	124.29850292511873	139.11094035182927
486	1999	137.99275964650056	149.42575136549988
486	2000	175.68125882132895	174.48462721987946
486	2001	175.32591510996326	164.92683137698904
486	2002	115.00593371683313	110.54615511314745
486	2003	110.65515429078745	104.9944875239138
486	2004	138.5995528862752	131.8513305302827
486	2005	141.17144533950318	134.85568533496698
486	2006	151.02669062382603	144.2116243612967
486	2007	145.19177460118897	139.294488056141
486	2008	159.7337932774136	150.95548198063042
486	2009	156.6705293464755	154.7278658362332
486	2010	175.99842290992174	176.24386384916897
486	2011	202.3031391707458	204.9902533288431
486	2012	242.41270836837546	242.87047098754763
486	2013	234.9987571902627	239.65755546692853
486	2014	245.93034490445055	251.74413109525543
486	2015	288.21254395813907	293.0206871703464
486	2016	255.58760022742297	259.18358779557366
486	2017	306.67919053138417	306.67919053138417
486	2018	318.8794525798674	313.53581181406685
486	2019	292.43769692059294	276.51469318339934
486	2020	273.9535974996424	267.78443772427295
486	2021	201.62067841769294	193.1896876887431
486	2022	340.3952679196308	320.0041813039451
486	2023	357.2470258390709	338.2560287771301
487OS	1997	613.4534271114826	713.5762694587706
487OS	1998	683.3628379636707	764.7980044288228
487OS	1999	721.4017254538436	781.1713827482853
487OS	2000	892.7914063134048	886.7102658578729
487OS	2001	964.0316481650462	906.8521614689818
487OS	2002	788.3937135079478	757.820843907669
487OS	2003	900.2008545691906	854.1502472239592
487OS	2004	1027.8171998340342	977.7741884291939
487OS	2005	1095.8566829944132	1046.8299992162943
487OS	2006	1119.4665746951116	1068.9507429986024
487OS	2007	1279.4727945976447	1227.5041640256904
487OS	2008	970.7397908320996	917.3919306376139
487OS	2009	1236.03240905227	1220.706009961395
487OS	2010	1143.3674480587797	1144.9619463259594
487OS	2011	1190.2863491103574	1206.0964611728546
487OS	2012	1225.701238347601	1228.01580433288
487OS	2013	1535.047405421498	1565.4793800092957
487OS	2014	1626.980556124312	1665.442329085183
487OS	2015	1840.434392853525	1871.1376787410286
487OS	2016	1914.8283589630137	1941.7690202777503
487OS	2017	2057.786054548876	2057.786054548876
487OS	2018	1960.6679686230605	1927.811962378163
487OS	2019	2220.7281252078196	2099.8112167198656
487OS	2020	2297.353369548079	2245.6192798096013
487OS	2021	2363.54046408191	2264.7064164209355
487OS	2022	2893.2794258251247	2719.960002979002
487OS	2023	2828.319526422389	2677.968077896367
493	1997	243.45669713340877	283.1917045980422
493	1998	264.5724194954788	296.1010567387697
493	1999	257.6330757987181	278.97852051402543
493	2000	327.31168909349	325.08224519423254
493	2001	371.84705565398684	349.79173847409095
493	2002	376.35652876636556	361.7619183831972
493	2003	408.83745138432994	387.9229934095759
493	2004	475.309457176454	452.1672908552924
493	2005	448.6437010319518	428.5721778110174
493	2006	446.82841466446257	426.6653213639276
493	2007	515.6924470571705	494.74645243890365
493	2008	530.8504983846512	501.6771416937483
493	2009	541.1111380795082	534.4015362972355
493	2010	494.8132781283816	495.5033265602246
493	2011	471.75465892972784	478.02079314966454
493	2012	498.59825255310255	499.53978587262066
493	2013	486.2222803915075	495.8615293349838
493	2014	541.0080884429582	553.7975038968561
493	2015	584.3249376581417	594.073014352307
493	2016	690.5073413141495	700.2224284814183
493	2017	705.3191121552055	705.3191121552055
493	2018	697.9583418162073	686.2622647626835
493	2019	740.3987660973906	700.0846327153886
493	2020	795.6623070827004	777.744791326629
493	2021	872.71792189782	836.2242607998955
493	2022	1132.0372708840614	1064.2235489605491
493	2023	1182.7671289677774	1119.892072084013
4A0	1997	2831.6452962422204	3293.8032418161024
4A0	1998	3082.8395852392573	3450.216242063938
4A0	1999	3321.639194451256	3596.84402042147
4A0	2000	3671.621236969409	3646.612433923553
4A0	2001	3815.425273487849	3589.1214388777676
4A0	2002	3586.636163298114	3447.551137827457
4A0	2003	3723.692123844864	3533.2032090661996
4A0	2004	3674.539302219451	3495.6310175184417
4A0	2005	3841.907577478062	3670.027448599261
4A0	2006	4233.243915803689	4042.2191527470054
4A0	2007	4312.887406996924	4137.709901622032
4A0	2008	4625.442028702455	4371.246788108268
4A0	2009	3959.494280699309	3910.3978418845986
4A0	2010	3749.700684922923	3754.929879837213
4A0	2011	3593.0413953899383	3640.7663711058767
4A0	2012	3881.9768999729536	3889.3074723891386
4A0	2013	3995.463010991545	4074.6721796384195
4A0	2014	4021.609414220616	4116.680143643171
4A0	2015	4220.673975943278	4291.085917941606
4A0	2016	4389.36307094229	4451.119177346371
4A0	2017	4485.0954530967365	4485.0954530967365
4A0	2018	4379.307026873644	4305.920537510872
4A0	2019	4957.143021963235	4687.230463850192
4A0	2020	6015.529526415795	5880.065845264609
4A0	2021	5696.390770656901	5458.189916692958
4A0	2022	5387.513006610381	5064.7786600598765
4A0	2023	6135.291720265271	5809.143988845963
511	1997	2881.4887261422	3351.781707976979
511	1998	3455.468950918856	3867.251204211653
511	1999	4089.577620970173	4428.407768251326
511	2000	4768.2835468045	4735.80496135344
511	2001	4779.282533544573	4495.809555698143
511	2002	4833.484596952441	4646.048431790664
511	2003	5125.374029231763	4863.18078011454
511	2004	4946.7477093234365	4705.897340138611
511	2005	5159.370181409007	4928.549113012525
511	2006	5346.779473352154	5105.5065152312145
511	2007	5924.849709200967	5684.198773102991
511	2008	5959.314341893241	5631.814973505545
511	2009	6023.215769712171	5948.529856931094
511	2010	5864.560135446242	5872.738635708443
511	2011	6648.884542777641	6737.19909817054
511	2012	7306.029239321445	7319.82565743356
511	2013	7980.7105081351965	8138.926325131056
511	2014	9084.714328177835	9299.4767103031
511	2015	10290.288480603025	10461.957555203933
511	2016	10974.995328324978	11129.407931776992
511	2017	11942.053686584117	11942.053686584117
511	2018	13069.158794394607	12850.151614272345
511	2019	14772.882105432825	13968.510235968266
511	2020	17080.61766451804	16695.979315556233
511	2021	21481.77730243509	20583.493124941207
511	2022	9583.33063417137	9009.249430803171
511	2023	15422.31023962468	14602.471228337885
512	1997	368.4700847322658	428.6087530857089
512	1998	389.1541931199979	435.5290246688914
512	1999	390.0737416463182	422.3921753776674
512	2000	549.5390198578888	545.795901429643
512	2001	610.8666822929387	574.6344243585411
512	2002	859.0884399266986	825.7741219673111
512	2003	888.9048739601722	843.4321229510738
512	2004	573.7360127636298	545.8015922900921
512	2005	526.0945288951609	502.5579930453603
512	2006	809.0820304657456	772.5722742983419
512	2007	738.2816324785183	708.2946834958314
512	2008	814.7996143860695	770.0215839341303
512	2009	591.8148927071585	584.4765808901503
512	2010	680.1908692453516	681.1394384600907
512	2011	751.1625054793572	761.1399057895017
512	2012	872.8317026759129	874.4799237159845
512	2013	684.6022966103118	698.1743854067956
512	2014	820.5861845959454	839.9848181001711
512	2015	1038.8734018918296	1056.2045424003231
512	2016	1039.5336344247692	1054.1593440552042
512	2017	1241.8521514983318	1241.8521514983318
512	2018	1277.0655674065208	1255.6650677149185
512	2019	1208.1323036024205	1142.3504451489623
512	2020	1026.5592177153687	1003.4421355132536
512	2021	2109.0104136407585	2020.8198203732004
512	2022	1589.7983508679474	1494.5628440051537
512	2023	1572.2573615941978	1488.6772817754209
513	1997	2275.0534409115576	2646.3690240171804
513	1998	2556.674295060774	2861.348745073109
513	1999	3026.853819122837	3277.6350538579345
513	2000	3470.583729002617	3446.944268576023
513	2001	3659.1618732907855	3442.126469887975
513	2002	3892.2942489889365	3741.356205621274
513	2003	4226.160791539995	4009.967627313153
513	2004	4075.0886140861126	3876.67813212164
513	2005	3759.0345460375142	3590.8620095558013
513	2006	3591.67373773595	3429.599773094661
513	2007	3775.2632047381762	3621.9225009519523
513	2008	3909.9009006667725	3695.02885298418
513	2009	3816.8245812840432	3769.4972002508275
513	2010	3398.185528565113	3402.924513347346
513	2011	3533.5936451909856	3580.528999490857
513	2012	3780.5338867369005	3787.672898158828
513	2013	4216.393552203559	4299.98261986338
513	2014	4613.333004539649	4722.392062403361
513	2015	4635.753138688089	4713.089692750391
513	2016	4961.64124088145	5031.449010131435
513	2017	5458.998388667593	5458.998388667593
513	2018	5518.820109003516	5426.338163631997
513	2019	5322.735799879772	5032.917001120069
513	2020	4842.557823792821	4733.508286903706
513	2021	4847.465952669788	4644.763824958503
513	2022	12704.287928523787	11943.248454842547
513	2023	13494.329021488697	12776.980116489285
514	1997	1915.8881955416346	2228.5837699399576
514	1998	2287.881112413991	2560.523944144644
514	1999	2634.5944922572317	2852.8762129073634
514	2000	2448.793291096928	2432.1136323945507
514	2001	4087.8072918352545	3845.347697168968
514	2002	4297.533233019585	4130.880555702609
514	2003	4468.387130306529	4239.802653675802
514	2004	4703.403483349376	4474.401211158538
514	2005	4842.475951966333	4625.832169175797
514	2006	5438.066680625707	5192.674395226119
514	2007	4692.866253860641	4502.255063298228
514	2008	4752.871365966547	4491.673133908279
514	2009	4481.85191280153	4426.278409567528
514	2010	4687.246045928716	4693.782707183825
514	2011	5420.942832313582	5492.947114079329
514	2012	6209.454085287032	6221.179774030178
514	2013	7797.4993942444435	7952.083091513945
514	2014	8597.775860913876	8801.027031855132
514	2015	10366.372990051896	10539.311354367388
514	2016	11310.975472231006	11470.11514546088
514	2017	13400.80115124265	13400.80115124265
514	2018	15143.807263734343	14890.034042571247
514	2019	16597.067187859382	15693.369868253909
514	2020	19000.0881905868	18572.22529386396
514	2021	27818.92402873821	26655.64508127945
514	2022	28274.219993837913	26580.477091920056
514	2023	31386.25436505641	29717.783471471936
521CI	1997	6434.764060921207	7484.99353090268
521CI	1998	7416.112574241434	8299.87787205496
521CI	1999	8075.910105133815	8745.016321952047
521CI	2000	7937.274236023743	7883.210454582738
521CI	2001	8929.621043600257	8399.979564883966
521CI	2002	10017.051443416673	9628.603384646378
521CI	2003	10769.559966525316	10218.633165265252
521CI	2004	11165.153280326522	10621.537262775551
521CI	2005	11895.65234962565	11363.461968228392
521CI	2006	11183.541687558856	10678.88534280512
521CI	2007	12932.288201629422	12407.014580464329
521CI	2008	13072.24266354668	12353.846054455898
521CI	2009	11760.27772081792	11614.454109358589
521CI	2010	12089.643992069527	12106.503765739755
521CI	2011	12790.022282614973	12959.90718948727
521CI	2012	13330.561362700444	13355.7342701998
521CI	2013	13890.6039112854	14165.98205514235
521CI	2014	14578.210343123588	14922.838811043765
521CI	2015	15878.523144516668	16143.418669980929
521CI	2016	17490.58450176711	17736.668131693124
521CI	2017	19252.04040143411	19252.04040143411
521CI	2018	21253.863659308237	20897.700816698605
521CI	2019	23025.259248298968	21771.5519016703
521CI	2020	25562.256805046098	24986.620464115906
521CI	2021	28254.499674054572	27073.00665125277
521CI	2022	29130.871912239607	27385.81201177949
521CI	2023	30572.261205890874	28947.06160800954
523	1997	5268.834543269497	6128.770549844042
523	1998	5710.907847403665	6391.466849713922
523	1999	5767.540672614094	6245.393604303474
523	2000	6650.0681549689425	6604.772021736417
523	2001	8951.23483711357	8420.311382208014
523	2002	8261.738484090603	7941.3591494789225
523	2003	7536.927020994243	7151.368548047031
523	2004	8464.032719631443	8051.93056178873
523	2005	11594.366799221443	11075.655398822159
523	2006	12547.311376823047	11981.115043602547
523	2007	12383.425781774951	11880.44542737777
523	2008	4070.315257966152	3846.627497991534
523	2009	10601.84092237025	10470.381549716098
523	2010	10878.89368640776	10894.064992151387
523	2011	9384.179148516192	9508.825561594425
523	2012	13003.930905406422	13028.487016803636
523	2013	13793.082427363515	14066.527229416166
523	2014	13423.299948317015	13740.626368140802
523	2015	14147.091107997605	14383.101793546659
523	2016	16448.79987283663	16680.22612278416
523	2017	18189.448989443157	18189.448989443157
523	2018	18143.669079898074	17839.625501824456
523	2019	18687.52548524206	17670.004347325263
523	2020	24131.141684592483	23587.73261833803
523	2021	25367.950415575124	24307.161629203267
523	2022	24621.460294968434	23146.53283035424
523	2023	25006.047852594882	23676.744186080097
524	1997	8922.069122516437	10378.256146153331
524	1998	9825.574285796163	10996.470964877893
524	1999	10436.749250611821	11301.455979147368
524	2000	11025.91247244501	10950.810806007374
524	2001	11680.83013557152	10988.006541442424
524	2002	11821.9031835361	11363.465351949144
524	2003	12540.395255725436	11898.879737333948
524	2004	13003.777768581314	12370.641643515299
524	2005	14521.73537542232	13872.058698527899
524	2006	17891.795611980808	17084.429893063014
524	2007	15834.92564632205	15191.754955610446
524	2008	16093.898630141332	15209.444256050981
524	2009	14927.876585948517	14742.775780775453
524	2010	15893.638890433018	15915.803575734319
524	2011	17148.982246131807	17376.76552808892
524	2012	18203.51421647896	18237.88901638925
524	2013	18465.74218050395	18831.821426524115
524	2014	20122.422740322923	20598.11622783737
524	2015	21904.120814860467	22269.5391563697
524	2016	23425.535017250175	23755.120382989186
524	2017	25166.933656598776	25166.933656598776
524	2018	26247.183573153812	25807.344884915256
524	2019	27019.519915157052	25548.328201104385
524	2020	28931.34859759997	28279.843694417454
524	2021	29555.40722604068	28319.515321159466
524	2022	31893.76957437041	29983.200658808222
524	2023	34997.161552356025	33136.73740842918
525	1997	65.13664476311716	75.76771425661876
525	1998	74.4910265748255	83.36799326408446
525	1999	81.66404430395144	88.43008293278137
525	2000	91.40886746764673	90.78624704587632
525	2001	92.4315669269052	86.9491851384512
525	2002	120.0862032955162	115.42941853018542
525	2003	125.86989178382349	119.43090104780869
525	2004	150.27614105636601	142.95940161867858
525	2005	168.83420926333773	161.28086627886591
525	2006	184.1365840014894	175.82743668360487
525	2007	64.06973014887735	61.467395694396956
525	2008	60.00724576665683	56.70949472353569
525	2009	56.82112185930769	56.11655846434404
525	2010	67.43078420246377	67.52482069855954
525	2011	55.151011320038776	55.88356081956178
525	2012	55.20332615830126	55.30756994708332
525	2013	56.2404565634046	57.355411149757394
525	2014	102.7843133216361	105.21413149496017
525	2015	137.59208696616085	139.88748483439477
525	2016	219.73681749555533	222.82840278089745
525	2017	235.10180156434942	235.10180156434942
525	2018	5.473306302174369	5.381587057038352
525	2019	8.344823631030614	7.890454514934059
525	2020	4.99195480265414	4.8795409958997435
525	2021	418.5989094832336	401.094735046868
525	2022	612.8089888913245	576.099191931679
525	2023	779.6788783548179	738.2317053424842
531	1997	1477.978345748267	1719.2018622600872
531	1998	1648.290599261236	1844.714536702388
531	1999	1859.770179089566	2013.8560681698496
531	2000	2224.3153407836057	2209.1646864324916
531	2001	2126.811785552102	2000.6644682638314
531	2002	2468.056520254693	2372.348539753268
531	2003	2953.9251092214563	2802.814338062416
531	2004	3248.3498352273027	3090.1921318171626
531	2005	3562.6263137119927	3403.2407330859783
531	2006	3849.403419197079	3675.699425123753
531	2007	3820.554416266203	3665.3741092856044
531	2008	3715.026156790873	3510.8636222959663
531	2009	3556.0442239962726	3511.9504344138813
531	2010	3584.160994431333	3589.1593337706404
531	2011	3709.690650524226	3758.9650330674026
531	2012	4139.744299580066	4147.561629810127
531	2013	4507.218757232207	4596.573370123833
531	2014	4724.863349543346	4836.558981514617
531	2015	5389.188959799896	5479.094804842255
531	2016	5861.960610557376	5944.435415523646
531	2017	6339.029172125181	6339.029172125181
531	2018	7080.613329767266	6961.959544677938
531	2019	7251.331902129708	6856.502554911196
531	2020	7457.319118976198	7289.38778476205
531	2021	8969.037820142297	8593.987625377233
531	2022	10225.944813098062	9613.368358420865
531	2023	9933.108561766265	9405.071596113767
532RL	1997	453.6581232575212	527.7004853131903
532RL	1998	507.6335159460964	568.1273233025896
532RL	1999	559.6215828528098	605.987413487111
532RL	2000	606.6478776176657	602.5157691265272
532RL	2001	631.5489389246742	594.0899569297444
532RL	2002	621.0207927021938	596.9384244779898
532RL	2003	595.9074558831124	565.4232588001161
532RL	2004	598.0272765089137	568.9101476813618
532RL	2005	635.1433514044128	606.7281647050061
532RL	2006	679.1940808212825	648.545507070541
532RL	2007	684.6914645273453	656.8811992946394
532RL	2008	677.7763584202767	640.5285616846152
532RL	2009	651.1432061882018	643.0692426171299
532RL	2010	712.2098695703069	713.2030913074012
532RL	2011	719.7698619084449	729.3302859059861
532RL	2012	788.511487028119	790.000481091091
532RL	2013	820.1523442743962	836.4116827227925
532RL	2014	838.4986429483873	858.3207264463632
532RL	2015	906.769049128752	921.8963416078791
532RL	2016	917.046273446114	929.948648192764
532RL	2017	970.4072869530263	970.4072869530263
532RL	2018	1042.8382638593691	1025.362841677691
532RL	2019	1183.5051738912289	1119.064243377489
532RL	2020	1118.9475576003363	1093.749982806288
532RL	2021	1170.362705279449	1121.4226997445119
532RL	2022	1335.8499270396155	1255.8269827304903
532RL	2023	1322.1414469077843	1251.8573507009016
5411	1997	11540.437117859195	13423.97271339875
5411	1998	12485.243313399416	13973.088146481576
5411	1999	12794.564547583956	13854.621255598631
5411	2000	13994.504857491096	13899.182983823606
5411	2001	15669.179920450217	14739.795842131833
5411	2002	14791.772145196961	14218.166707705625
5411	2003	16289.997603563419	15456.667708919555
5411	2004	17219.498657440618	16381.104857610184
5411	2005	18518.704630669166	17690.21064053594
5411	2006	19802.113304530536	18908.5446660928
5411	2007	20000.907184952383	19188.525897137974
5411	2008	21007.875239188215	19853.368952510973
5411	2009	19496.532754135256	19254.782101248
5411	2010	18262.346165721756	18287.814163228002
5411	2011	19262.36227975947	19518.216769277074
5411	2012	19924.23245927086	19961.85659579795
5411	2013	21084.941724535503	21502.946021002204
5411	2014	21100.31822843631	21599.12913680849
5411	2015	20921.23153718379	21270.2527006108
5411	2016	21711.905232133944	22017.38069818217
5411	2017	22517.141812723763	22517.141812723763
5411	2018	24230.264221430025	23824.22417522378
5411	2019	24605.765431613494	23266.00076019879
5411	2020	23927.946629178696	23389.113311422727
5411	2021	25935.89143505524	24851.35356943515
5411	2022	26159.96120078881	24592.871158766808
5411	2023	26579.287272058078	25166.351320228714
5412OP	1997	22481.227131972908	26150.42883568928
5412OP	1998	25064.444213683448	28051.330642831577
5412OP	1999	27344.685285818636	29610.25024177925
5412OP	2000	30601.680626318997	30393.240987733763
5412OP	2001	33856.75153539595	31848.61033207034
5412OP	2002	34125.380089157086	32802.04280519579
5412OP	2003	36466.568584886794	34601.08753962137
5412OP	2004	39993.788648250724	38046.54586833776
5412OP	2005	44168.16537491884	42192.16001719373
5412OP	2006	49638.694730300034	47398.752953286144
5412OP	2007	53092.47920067592	50936.01018517277
5412OP	2008	56200.157375574454	53111.62822811853
5412OP	2009	53955.04370082371	53286.0187410668
5412OP	2010	54733.23154622098	54809.56050154133
5412OP	2011	58709.65319634245	59489.470756107185
5412OP	2012	64310.25835311041	64431.69931427746
5412OP	2013	66674.06777034818	67995.86638639496
5412OP	2014	70204.80523863167	71864.4447897537
5412OP	2015	76299.66304977481	77572.54209226281
5412OP	2016	78843.36391834724	79952.64995659511
5412OP	2017	81753.55253740292	81753.55253740292
5412OP	2018	88374.28448942695	86893.34733456945
5412OP	2019	94077.34450670646	88954.90672272853
5412OP	2020	94725.40357078033	92592.28265268303
5412OP	2021	103033.55757269177	98725.09588372523
5412OP	2022	113220.53669537301	106438.15753793168
5412OP	2023	117462.00790023892	111217.81134833265
5415	1997	6425.967443209346	7474.7612013186035
5415	1998	7418.7102710352565	8302.785131878958
5415	1999	8803.42281093206	9532.804992678932
5415	2000	10638.304844806475	10565.843320745476
5415	2001	11105.566501211268	10446.863445956846
5415	2002	9595.844775361129	9223.730556291226
5415	2003	11099.186975174343	10531.397799402377
5415	2004	11863.822634042295	11286.189362798877
5415	2005	13771.884150832893	13155.754487374688
5415	2006	15072.698550504037	14392.544340989705
5415	2007	16501.779437987705	15831.52299876241
5415	2008	17806.792563491355	16828.20459464436
5415	2009	17338.845183081143	17123.84915295719
5415	2010	18201.34064746002	18226.723568910154
5415	2011	20220.663947589932	20489.247186596596
5415	2012	22903.050525135895	22946.299744477506
5415	2013	23985.659948711156	24461.170341063047
5415	2014	26111.025230803534	26728.289106774515
5415	2015	28951.02720232042	29434.006475247166
5415	2016	31201.354796950098	31640.341992962163
5415	2017	33601.07855002054	33601.07855002054
5415	2018	36039.56321334284	35435.62816011069
5415	2019	40366.722544709344	38168.7860929249
5415	2020	43062.73980888138	42093.01017338533
5415	2021	53689.4801145034	51444.39537101412
5415	2022	61113.533214190036	57452.57941545698
5415	2023	61122.555521979535	57873.32407040931
55	1997	4201.8931464370135	4887.691719674761
55	1998	4819.326021795282	5393.636761320164
55	1999	5281.909965287376	5719.527366724436
55	2000	6213.895531832263	6171.570335557014
55	2001	6602.770633836128	6211.141337917038
55	2002	11433.181064727598	10989.817364815533
55	2003	12587.139503695416	11943.232740063504
55	2004	13204.962798894052	12562.031250314936
55	2005	14364.977428695784	13722.313824225099
55	2006	15959.662523974608	15239.484142396976
55	2007	17831.97107473044	17107.68594646098
55	2008	18111.3310387379	17116.006889758253
55	2009	17485.062284984597	17268.25321044426
55	2010	19457.60466667728	19484.73952780803
55	2011	20611.124076667023	20884.893646174118
55	2012	22717.28441702868	22760.182842961924
55	2013	23654.566920510057	24123.51346696064
55	2014	25583.93137124228	26188.734763724875
55	2015	27624.155245396556	28084.99880450066
55	2016	28521.982191115578	28923.27197703246
55	2017	30431.399588027292	30431.399588027292
55	2018	32041.583419862483	31504.644742948858
55	2019	34049.842511474526	32195.855233944145
55	2020	35313.09457986462	34517.87916888174
55	2021	40175.87091133279	38495.872620288406
55	2022	42772.0942975596	40209.868668260475
55	2023	44932.30844227937	42543.73897662919
561	1997	8862.779008122121	10309.289185051664
561	1998	10074.72635606065	11275.314056061201
561	1999	11119.609318509933	12040.892446571903
561	2000	11709.70189367549	11629.942678472144
561	2001	11301.90744175733	10631.558841235581
561	2002	11450.885026282105	11006.834790063705
561	2003	11226.721754846436	10652.408419458612
561	2004	10930.278775588826	10398.09847590791
561	2005	12210.403277831352	11664.131498322937
561	2006	12916.841854087228	12333.970490260037
561	2007	13848.922993965522	13286.41821392512
561	2008	13699.874130949616	12946.985481774671
561	2009	13410.377097044919	13244.09279103224
561	2010	12266.42246964475	12283.528772089821
561	2011	13601.394709273118	13782.056761493222
561	2012	14221.06127787587	14247.915770372514
561	2013	14700.72720926797	14992.165867953398
561	2014	16083.60843147885	16463.824466362938
561	2015	17189.000893293407	17475.758634072787
561	2016	17802.259680431518	18052.728421633605
561	2017	19394.066219035565	19394.066219035565
561	2018	19083.25787656023	18763.469085189503
561	2019	20610.514675062022	19488.288280680285
561	2020	20140.76172669596	19687.212007971077
561	2021	24498.670424304462	23474.231538174892
561	2022	29229.56604931029	27478.593961205
561	2023	29856.990945479636	28269.814604424733
562	1997	207.0407844274299	240.83228497588033
562	1998	223.2358914574461	249.8385262100257
562	1999	240.68203580592856	260.62305103984534
562	2000	262.6465950172913	260.8576095687613
562	2001	293.1697727415526	275.78103124943306
562	2002	347.09044169385436	333.63073161296916
562	2003	369.3224028301938	350.42937371318635
562	2004	364.0731572738621	346.3469340071236
562	2005	368.2551632211286	351.78008056016546
562	2006	424.75098306726375	405.58413194498155
562	2007	444.2623456034127	426.21764327509646
562	2008	448.80525019411374	424.1407623797393
562	2009	430.92885477060963	425.5854773966683
562	2010	563.9769053550099	564.7634068422133
562	2011	529.4780752757117	536.510927253726
562	2012	592.7159160375961	593.8351774491641
562	2013	603.9952124354792	615.9692836537818
562	2014	638.0288083525063	653.1117907993316
562	2015	559.8744936973403	569.214672683269
562	2016	592.564224277259	600.901301592183
562	2017	702.2341180626545	702.2341180626545
562	2018	757.0360942080888	744.3500183212153
562	2019	754.8712346044689	713.7690866383308
562	2020	775.1353682694396	757.6800985520915
562	2021	821.3885152713464	787.0412498446722
562	2022	905.4092022756655	851.1714404551894
562	2023	961.730365280661	910.605465084426
61	1997	1438.4232669218418	1673.190927542497
61	1998	1601.2043587372561	1792.0171104037836
61	1999	1778.5363155479447	1925.8918073845402
61	2000	1982.1440406501467	1968.6429067581187
61	2001	2229.165743502158	2096.947518907023
61	2002	2648.0614661000277	2545.373130932598
61	2003	2931.875714695471	2781.892900707726
61	2004	3291.6769897620434	3131.409746553511
61	2005	3603.4405174548547	3442.228981764087
61	2006	3999.6851561281533	3819.1997117628125
61	2007	4307.1149146734215	4132.171871900867
61	2008	4627.758095045765	4373.435572985781
61	2009	5528.534373084017	5459.982348421107
61	2010	5385.062851568839	5392.572662522493
61	2011	6639.1657272114835	6727.351191345517
61	2012	6896.940766354861	6909.9646778928845
61	2013	7298.544043608065	7443.236061638621
61	2014	7755.395634895866	7938.732961828435
61	2015	8091.401133644205	8226.386984376739
61	2016	8786.766270873928	8910.391604208537
61	2017	8969.006187872841	8969.006187872841
61	2018	9455.248426269058	9296.801556981582
61	2019	9803.427558461484	9269.638600011724
61	2020	9612.457260121122	9395.994380228933
61	2021	10046.639516360805	9626.528219819773
61	2022	10551.674299905226	9919.585299653107
61	2023	11196.993442889034	10601.769258511178
621	1997	8331.361804235767	9691.13841904979
621	1998	8681.870893416628	9716.474419035807
621	1999	9330.467012649086	10103.515920166306
621	2000	10326.639759237283	10256.301104132042
621	2001	12035.3795849	11321.526644317848
621	2002	12609.316910813046	12120.34421220084
621	2003	13870.222897893424	13160.678816459056
621	2004	12356.467125102678	11754.847668486367
621	2005	12859.844710190204	12284.518073207486
621	2006	13644.757785062466	13029.039278239186
621	2007	14588.79190800942	13996.235708018567
621	2008	15168.632768535743	14335.027194807586
621	2009	15450.077791643369	15258.501861687493
621	2010	16018.42377081614	16040.76247653046
621	2011	16375.390392037847	16592.89835334376
621	2012	17002.894374325893	17035.001970972487
621	2013	17416.35194375922	17761.62726092057
621	2014	17957.333763752235	18381.84461091889
621	2015	18600.40416396871	18910.707823195593
621	2016	19556.882995408487	19832.038394421157
621	2017	20284.610685545635	20284.610685545635
621	2018	21625.71040481067	21263.316318977875
621	2019	22390.587361496247	21171.43740241326
621	2020	21302.690140118848	20822.97496090952
621	2021	25696.809487898463	24622.269097218716
621	2022	28092.70835972836	26409.838756594894
621	2023	30636.560152747807	29007.942468717316
622HO	1997	3313.787560349769	3854.636816078206
622HO	1998	3578.0578520586955	4004.4488124928575
622HO	1999	3890.2016885292796	4212.513118521184
622HO	2000	4243.944801287123	4215.037685649977
622HO	2001	4770.745950006821	4487.779301455448
622HO	2002	5325.960055717441	5119.426341039232
622HO	2003	5996.790712492264	5690.019336936668
622HO	2004	6145.65129749326	5846.427955034808
622HO	2005	6582.884986069716	6288.378390847892
622HO	2006	7141.563555006093	6819.3011214958615
622HO	2007	7710.634424882281	7397.449874500254
622HO	2008	8333.245904415418	7875.285036144061
622HO	2009	8800.304969656472	8691.184055756017
622HO	2010	8863.028933180649	8875.388987946872
622HO	2011	9422.642723844005	9547.800033679734
622HO	2012	9902.302169926697	9921.001287673666
622HO	2013	10241.795245027886	10444.836565790569
622HO	2014	10293.961449102133	10537.310397946656
622HO	2015	10891.808951755942	11073.512969772763
622HO	2016	11193.900353957748	11351.392839806565
622HO	2017	11825.867393397553	11825.867393397553
622HO	2018	12315.255388230467	12108.881787795015
622HO	2019	12776.103860164367	12080.455003487006
622HO	2020	12643.63492471803	12358.912969233834
622HO	2021	13604.184315844515	13035.310365305597
622HO	2022	14692.591467979202	13812.444375854571
622HO	2023	15568.91955821494	14741.286900131337
623	1997	500.5124790068114	582.2020251299964
623	1998	540.6530194726683	605.0817039060241
623	1999	594.6650310772307	643.9342854446417
623	2000	677.1306740689391	672.5184805524655
623	2001	736.3141948138074	692.6412845036353
623	2002	753.0067968944995	723.8061853026783
623	2003	806.8615270251644	765.5857793135143
623	2004	818.3685604652247	778.5233163777189
623	2005	847.5619049398271	809.6434890185756
623	2006	943.0769954096531	900.5207281178513
623	2007	941.7890290913963	903.5361749969398
623	2008	996.6385239937206	941.8673761077556
623	2009	1012.5205589888293	999.9656340037499
623	2010	1048.6509702187661	1050.1133803632297
623	2011	1100.321937063403	1114.937086722809
623	2012	1147.1252143698482	1149.2914004835338
623	2013	1170.4849088777983	1193.6895127724829
623	2014	1224.0633960990986	1253.0002191319602
623	2015	1259.729743607342	1280.7453487324992
623	2016	1358.5213496070764	1377.6350541839317
623	2017	1346.359399924926	1346.359399924926
623	2018	1399.017612823643	1375.5734947173348
623	2019	1421.5969604635795	1344.1921185002977
623	2020	1559.8241702682108	1524.6984971042357
623	2021	1596.0857754974215	1529.3436908985896
623	2022	1674.1523663296027	1573.8637045091266
623	2023	1871.7608109132398	1772.2593413706443
624	1997	690.0630501601539	802.6894875185645
624	1998	771.022172216215	862.9035498015857
624	1999	883.1376587668578	956.3074798885121
624	2000	1012.3808817010312	1005.4851720284428
624	2001	1028.3841999912722	967.387778562816
624	2002	1107.1477961913313	1064.2140631830039
624	2003	1211.1622701624565	1149.2041439826023
624	2004	1219.3391873408702	1159.9712327392924
624	2005	1262.4071422454906	1205.9292864067227
624	2006	1351.4018397014665	1290.4199493691851
624	2007	1443.6282277613593	1384.992059514134
624	2008	1571.1066239637385	1484.7650756750845
624	2009	1590.5818829832212	1570.859185951346
624	2010	1518.1192136324514	1520.2363269538248
624	2011	1543.8781459015709	1564.3848807018035
624	2012	1687.5237412320228	1690.7103946583272
624	2013	1760.9322518095364	1795.8423434123338
624	2014	1856.7956945290136	1900.6902906683915
624	2015	1980.175072901579	2013.2096008405733
624	2016	2114.3758731388507	2144.124066507542
624	2017	1996.501358380917	1996.501358380917
624	2018	2078.6698261174056	2043.8363969590991
624	2019	2337.492652056499	2210.2180064609115
624	2020	2429.3763900352574	2374.6692745185237
624	2021	2468.74878447218	2365.5153350197807
624	2022	3074.531810736549	2890.3546192069293
624	2023	3305.4428018405165	3129.72782033513
711AS	1997	820.9862369054625	954.9808841503639
711AS	1998	914.6766251927834	1023.6770552663862
711AS	1999	1029.2035119098146	1114.475197605306
711AS	2000	1330.1833325250252	1321.1229499771077
711AS	2001	1398.4572255646567	1315.5107097771377
711AS	2002	1443.0256962188857	1387.0670607243794
711AS	2003	1624.5656578235582	1541.4594989755049
711AS	2004	1608.3906385481996	1530.0803017672017
711AS	2005	1691.146230556652	1615.48734855622
711AS	2006	1874.823681122564	1790.2224257773473
711AS	2007	1882.7493680982989	1806.2773189985373
711AS	2008	2047.7200856775441	1935.185824818075
711AS	2009	1930.1868426384422	1906.2531547726726
711AS	2010	2016.5693381092565	2019.3815716748716
711AS	2011	1978.7934293576445	2005.0769752372219
711AS	2012	2157.5113970669245	2161.5855566877744
711AS	2013	2488.545217152563	2537.880074526675
711AS	2014	2628.5080080584976	2690.645860813545
711AS	2015	2924.917366254911	2973.7126802536945
711AS	2016	3057.6017661116666	3100.6206681613357
711AS	2017	3178.353651003671	3178.353651003671
711AS	2018	3388.634529657128	3331.849291641393
711AS	2019	3319.8986871634283	3139.1328017818264
711AS	2020	2768.9338891831476	2706.58027993796
711AS	2021	3611.439347270327	3460.4230333983814
711AS	2022	4963.896573238339	4666.538605852884
711AS	2023	4772.890575494162	4519.167117102079
713	1997	288.48445504661197	335.56852424527693
713	1998	329.9569327259074	369.27732922703194
713	1999	365.3412978321403	395.6105963331886
713	2000	391.4672254390499	388.8007938797876
713	2001	445.34821411591366	418.93333206030167
713	2002	482.6436278696886	463.9273438031784
713	2003	521.7896161391583	495.0969857026509
713	2004	542.7932675082197	516.3654069112473
713	2005	579.0625947159471	553.1563615748561
713	2006	602.6895659139793	575.4932517361805
713	2007	613.329321943733	588.4175887004603
713	2008	627.8605024400423	593.3558755336912
713	2009	598.8655480571313	591.4398104113546
713	2010	605.3680282843264	606.2122523119949
713	2011	641.0192014462311	649.5336109550454
713	2012	641.5265271291288	642.7379605779098
713	2013	691.6411986516501	705.3528321210159
713	2014	796.5165424675708	815.3461703329111
713	2015	817.5968407658768	831.2365062927925
713	2016	844.9012007792705	856.7885310394802
713	2017	830.061649772571	830.061649772571
713	2018	826.6772650654349	812.8241732527606
713	2019	875.1149592557217	827.4656345843999
713	2020	712.6458407487046	696.5977724080907
713	2021	1016.8606782038944	974.3395289951317
713	2022	1175.2586679828992	1104.8558053310808
713	2023	1326.0881310414563	1255.594231921279
721	1997	474.8866753488495	552.3937877512714
721	1998	536.6248459216746	600.5734998859266
721	1999	615.557331564693	666.5575571734641
721	2000	733.0140454036555	728.0212090765409
721	2001	779.5470298117551	733.3098558507955
721	2002	737.9679585078064	709.350533256843
721	2003	775.1727703970199	735.5180903408095
721	2004	859.7147466375059	817.8564133873546
721	2005	909.707990306284	869.0092687824936
721	2006	906.0211400695173	865.1370150230005
721	2007	983.3638150435488	943.4223086374699
721	2008	1011.3465812788193	955.7671391504754
721	2009	936.3783697262269	924.7675830758258
721	2010	931.441570440982	932.7405246595656
721	2011	997.8079077116302	1011.0614032671805
721	2012	1031.7835698105343	1033.731949301504
721	2013	1059.446090653402	1080.449374587199
721	2014	1137.2790698692338	1164.1643139576202
721	2015	1180.9477816137749	1200.6490964217876
721	2016	1208.825416091903	1225.8329750050239
721	2017	1265.43812527403	1265.43812527403
721	2018	1352.2007369087144	1329.541155293053
721	2019	1464.739146592543	1384.9852463573761
721	2020	1010.4698529801628	987.71508710695
721	2021	1481.717399465951	1419.7577544738783
721	2022	1703.789202877076	1601.7251717785605
721	2023	1594.3297050525157	1509.576275200152
722	1997	372.6320774619667	433.45003216953205
722	1998	420.29202812038096	470.37750156513266
722	1999	471.51213760122045	510.57791451888
722	2000	460.6806325898889	457.5427622966583
722	2001	682.4839714703411	642.003886359811
722	2002	525.0513363916434	504.6905372554741
722	2003	560.3665492327483	531.7004801025771
722	2004	593.3017042968754	564.4146571065443
722	2005	546.5470687324237	522.0955225362693
722	2006	568.1757783588077	542.5368958388689
722	2007	581.9224037478566	558.2863322740384
722	2008	590.2349137987751	557.7980342553388
722	2009	530.1579166769774	523.5841312708096
722	2010	525.3351291987369	526.0677422835489
722	2011	527.5440480753398	534.5512111199367
722	2012	580.9716278895629	582.0687118495481
722	2013	637.2742571309493	649.9080780344423
722	2014	692.4310515456493	708.8001014370917
722	2015	594.4217798402834	604.3382984160409
722	2016	600.4972671270376	608.9459583208823
722	2017	585.3543919607944	585.3543919607944
722	2018	868.241363822438	853.6917592344352
722	2019	785.4006970641295	742.6362437592521
722	2020	552.6798645256864	540.2340692522989
722	2021	902.5060650891705	864.7667799756448
722	2022	1243.7903857696583	1169.282189333818
722	2023	1398.9011717671965	1324.5365833410808
81	1997	3646.179412068069	4241.278942546484
81	1998	4007.3311166987173	4484.87782898671
81	1999	4246.185822561125	4597.991290261289
81	2000	5025.383202555179	4991.153413960106
81	2001	5254.75379755915	4943.07925302471
81	2002	5208.878035548424	5006.884607371533
81	2003	5588.212239075102	5302.342073236812
81	2004	5379.159047563044	5117.255162699944
81	2005	5826.579395606525	5565.908570699068
81	2006	6202.309123794134	5922.430464699162
81	2007	6661.903492422026	6391.315479167269
81	2008	6932.203087684896	6551.237761390201
81	2009	6892.901166055395	6807.431437760872
81	2010	6647.230945805949	6656.500930046468
81	2011	6862.8975812795325	6954.054788883034
81	2012	7196.316099707487	7209.905339844134
81	2013	7572.1792209218065	7722.295995694677
81	2014	8022.531030898262	8212.18343081199
81	2015	8654.404675343148	8798.782905811462
81	2016	9002.520984795343	9129.181877242916
81	2017	9523.165895129809	9523.165895129809
81	2018	9958.751187547614	9791.866841780888
81	2019	10433.66506121935	9865.560163964827
81	2020	10205.237203520981	9975.425514867587
81	2021	11701.945529815326	11212.615789201325
81	2022	13898.784557076136	13066.189787212856
81	2023	14222.693563165689	13466.625318688168
GF	1997	11275.589601142075	13115.898954899598
GF	1998	11738.4078874326	13137.253635611472
GF	1999	12446.649065130998	13477.880240269988
GF	2000	13773.191717993515	13679.377291952
GF	2001	14314.630292303642	13465.588444024272
GF	2002	15295.545103289953	14702.404014141288
GF	2003	17474.437697351175	16580.516674176248
GF	2004	15471.116838534128	14717.849354275837
GF	2005	16357.828494967787	15626.008269417745
GF	2006	23390.177499698326	22334.697776913366
GF	2007	22490.413307904364	21576.915197163686
GF	2008	24862.11808078763	23495.798484085262
GF	2009	27262.892673107184	26924.84168802006
GF	2010	30252.695789818063	30294.885088714305
GF	2011	31342.2132724713	31758.519738973933
GF	2012	31461.275616128154	31520.685850952374
GF	2013	31010.601035209245	31625.379327607756
GF	2014	31607.06426051884	32354.25433907983
GF	2015	31963.86512333801	32497.106456341924
GF	2016	32661.33690085879	33120.865302667655
GF	2017	33241.647532476556	33241.647532476556
GF	2018	34922.44772749824	34337.23280126697
GF	2019	32567.999086634325	30794.697023903984
GF	2020	36463.43579431787	35642.315854929715
GF	2021	40111.140435957655	38433.84892103392
GF	2022	40400.51945078564	37980.36097891708
GF	2023	43099.9082746396	40808.74789481234
GSL	1997	41736.83323651473	48548.77720737336
GSL	1998	45074.57386941945	50446.03281111436
GSL	1999	49364.29934028965	53454.23584867985
GSL	2000	53699.28061624064	53333.514474811476
GSL	2001	58896.75890908141	55403.42292898858
GSL	2002	62420.76057586812	60000.16571223723
GSL	2003	67261.30747894637	63820.493082339104
GSL	2004	68999.2781975926	65639.79786750529
GSL	2005	73254.42637877098	69977.15330725399
GSL	2006	79336.42546403578	75756.37617383219
GSL	2007	81179.25135692308	77881.97568080963
GSL	2008	82055.68962131445	77546.2469267612
GSL	2009	68364.72450191602	67517.02419585572
GSL	2010	70800.3553721663	70899.09094850994
GSL	2011	73230.13272502134	74202.82018430321
GSL	2012	72256.14707387019	72392.5927386147
GSL	2013	77123.20509115634	78652.1555386633
GSL	2014	80580.20930835434	82485.12310950035
GSL	2015	83831.25348522369	85229.77926373508
GSL	2016	86074.87029285199	87285.89994854678
GSL	2017	88660.49499318138	88660.49499318138
GSL	2018	93027.3220628357	91468.4113632392
GSL	2019	94125.97645322497	89000.8906978181
GSL	2020	99347.24834905838	97110.04813010726
GSL	2021	103788.34623465905	99448.32222648343
GSL	2022	106691.28066232798	100300.03098832363
GSL	2023	110723.72495796334	104837.73072071234
