account	year	value
111CA	1988	35987
111CA	1989	38498
111CA	1990	43465
111CA	1991	49907
111CA	1992	50099
111CA	1993	50723
111CA	1994	54486
111CA	1995	52066
111CA	1996	56203
111CA	1997	59193
111CA	1998	61630
111CA	1999	64368
111CA	2000	67801
111CA	2001	66482
111CA	2002	63611
111CA	2003	63788
111CA	2004	82853
111CA	2005	80924
111CA	2006	80931
111CA	2007	89402
111CA	2008	93525
111CA	2009	95479
111CA	2010	85544
111CA	2011	82572
111CA	2012	99519
111CA	2013	101955
111CA	2014	103194
111CA	2015	90774
111CA	2016	91576
111CA	2017	91427
111CA	2018	82347
111CA	2019	81299
111CA	2020	73303
111CA	2021	73983
111CA	2022	96800
111CA	2023	97944
113FF	1988	9868
113FF	1989	10609
113FF	1990	11153
113FF	1991	11766
113FF	1992	11564
113FF	1993	12291
113FF	1994	13183
113FF	1995	12660
113FF	1996	12556
113FF	1997	12350
113FF	1998	12312
113FF	1999	13461
113FF	2000	13309
113FF	2001	13126
113FF	2002	13249
113FF	2003	14293
113FF	2004	16775
113FF	2005	16133
113FF	2006	19410
113FF	2007	19636
113FF	2008	19730
113FF	2009	19552
113FF	2010	19810
113FF	2011	21038
113FF	2012	23152
113FF	2013	23504
113FF	2014	25137
113FF	2015	26947
113FF	2016	28221
113FF	2017	28939
113FF	2018	30635
113FF	2019	30813
113FF	2020	32941
113FF	2021	33629
113FF	2022	34247
113FF	2023	37229
211	1988	12430
211	1989	11606
211	1990	11999
211	1991	12838
211	1992	12656
211	1993	13060
211	1994	12380
211	1995	11863
211	1996	11270
211	1997	12295
211	1998	12344
211	1999	12338
211	2000	13358
211	2001	14099
211	2002	13250
211	2003	13654
211	2004	15578
211	2005	17199
211	2006	20896
211	2007	22581
211	2008	27291
211	2009	25867
211	2010	27581
211	2011	30627
211	2012	34979
211	2013	36432
211	2014	39296
211	2015	38814
211	2016	33722
211	2017	29294
211	2018	29839
211	2019	30827
211	2020	27158
211	2021	23558
211	2022	26315
211	2023	29026
212	1988	12617
212	1989	12473
212	1990	12897
212	1991	13577
212	1992	12951
212	1993	12864
212	1994	12412
212	1995	13019
212	1996	13286
212	1997	13837
212	1998	14066
212	1999	13638
212	2000	13117
212	2001	13239
212	2002	12358
212	2003	12519
212	2004	13458
212	2005	14379
212	2006	15756
212	2007	16262
212	2008	17525
212	2009	16014
212	2010	16776
212	2011	18201
212	2012	18912
212	2013	18562
212	2014	18454
212	2015	18055
212	2016	16383
212	2017	17622
212	2018	19021
212	2019	18996
212	2020	17218
212	2021	18358
212	2022	20364
212	2023	22347
213	1988	7167
213	1989	9079
213	1990	8246
213	1991	9187
213	1992	10569
213	1993	8698
213	1994	9632
213	1995	9509
213	1996	9341
213	1997	9445
213	1998	9995
213	1999	9435
213	2000	9989
213	2001	12346
213	2002	10730
213	2003	11340
213	2004	13032
213	2005	16124
213	2006	21028
213	2007	25240
213	2008	29043
213	2009	23866
213	2010	26202
213	2011	33038
213	2012	38011
213	2013	39845
213	2014	44812
213	2015	36301
213	2016	25466
213	2017	30831
213	2018	36567
213	2019	37321
213	2020	24065
213	2021	24219
213	2022	32031
213	2023	36692
22	1988	32452
22	1989	32774
22	1990	34353
22	1991	36446
22	1992	38812
22	1993	41234
22	1994	41887
22	1995	42153
22	1996	41595
22	1997	42111
22	1998	43093
22	1999	47187
22	2000	50214
22	2001	53904
22	2002	54652
22	2003	52935
22	2004	55634
22	2005	56130
22	2006	60885
22	2007	63083
22	2008	66284
22	2009	66832
22	2010	67652
22	2011	71184
22	2012	69760
22	2013	72778
22	2014	75188
22	2015	77628
22	2016	81409
22	2017	81578
22	2018	84491
22	2019	87943
22	2020	93031
22	2021	94187
22	2022	96561
22	2023	97381
23	1988	214141
23	1989	232929
23	1990	243043
23	1991	253279
23	1992	239143
23	1993	244169
23	1994	255195
23	1995	269481
23	1996	279309
23	1997	298583
23	1998	326770
23	1999	356377
23	2000	392247
23	2001	407972
23	2002	406716
23	2003	420560
23	2004	454056
23	2005	486505
23	2006	524473
23	2007	548214
23	2008	536803
23	2009	458441
23	2010	432005
23	2011	435497
23	2012	452860
23	2013	478700
23	2014	521817
23	2015	563166
23	2016	592863
23	2017	627322
23	2018	674425
23	2019	724725
23	2020	681238
23	2021	746904
23	2022	833451
23	2023	873152
311FT	1988	48784
311FT	1989	50643
311FT	1990	52300
311FT	1991	55188
311FT	1992	57703
311FT	1993	59880
311FT	1994	61182
311FT	1995	62293
311FT	1996	63252
311FT	1997	64374
311FT	1998	68933
311FT	1999	71150
311FT	2000	73347
311FT	2001	75239
311FT	2002	76197
311FT	2003	79215
311FT	2004	81070
311FT	2005	81529
311FT	2006	82457
311FT	2007	85743
311FT	2008	87889
311FT	2009	87834
311FT	2010	89925
311FT	2011	90172
311FT	2012	94363
311FT	2013	96840
311FT	2014	101771
311FT	2015	105843
311FT	2016	109901
311FT	2017	115921
311FT	2018	120186
311FT	2019	123926
311FT	2020	128464
311FT	2021	134249
311FT	2022	152652
311FT	2023	155977
313TT	1988	17267
313TT	1989	18157
313TT	1990	18906
313TT	1991	18712
313TT	1992	18989
313TT	1993	20202
313TT	1994	20782
313TT	1995	21444
313TT	1996	21082
313TT	1997	20918
313TT	1998	21400
313TT	1999	21230
313TT	2000	20993
313TT	2001	19110
313TT	2002	18570
313TT	2003	17634
313TT	2004	17202
313TT	2005	16219
313TT	2006	15699
313TT	2007	15669
313TT	2008	14732
313TT	2009	12214
313TT	2010	11747
313TT	2011	11601
313TT	2012	11831
313TT	2013	12373
313TT	2014	12695
313TT	2015	12967
313TT	2016	13070
313TT	2017	13195
313TT	2018	13070
313TT	2019	13021
313TT	2020	11764
313TT	2021	12606
313TT	2022	13876
313TT	2023	13155
315AL	1988	17222
315AL	1989	18043
315AL	1990	18611
315AL	1991	18648
315AL	1992	19097
315AL	1993	19954
315AL	1994	20248
315AL	1995	20359
315AL	1996	19569
315AL	1997	19069
315AL	1998	19174
315AL	1999	18157
315AL	2000	17096
315AL	2001	15648
315AL	2002	14098
315AL	2003	13484
315AL	2004	12705
315AL	2005	12451
315AL	2006	12225
315AL	2007	10939
315AL	2008	10760
315AL	2009	9127
315AL	2010	9685
315AL	2011	8944
315AL	2012	9543
315AL	2013	9225
315AL	2014	9240
315AL	2015	9471
315AL	2016	9116
315AL	2017	8948
315AL	2018	8532
315AL	2019	8295
315AL	2020	7311
315AL	2021	7666
315AL	2022	9615
315AL	2023	9218
321	1988	14456
321	1989	15550
321	1990	15874
321	1991	15556
321	1992	15013
321	1993	16024
321	1994	17314
321	1995	18921
321	1996	19460
321	1997	20265
321	1998	21690
321	1999	22898
321	2000	23387
321	2001	23116
321	2002	22560
321	2003	22589
321	2004	24165
321	2005	26290
321	2006	25674
321	2007	25073
321	2008	22793
321	2009	17593
321	2010	17078
321	2011	17552
321	2012	17871
321	2013	18656
321	2014	20131
321	2015	21436
321	2016	22031
321	2017	23309
321	2018	24960
321	2019	26734
321	2020	25985
321	2021	29093
321	2022	32871
321	2023	34092
322	1988	23500
322	1989	24820
322	1990	26112
322	1991	27036
322	1992	27699
322	1993	29331
322	1994	29869
322	1995	30489
322	1996	31593
322	1997	31656
322	1998	31894
322	1999	32706
322	2000	33240
322	2001	32611
322	2002	31980
322	2003	31824
322	2004	31316
322	2005	31314
322	2006	31081
322	2007	31376
322	2008	31216
322	2009	28472
322	2010	28906
322	2011	29194
322	2012	29123
322	2013	29353
322	2014	29785
322	2015	30172
322	2016	29958
322	2017	30386
322	2018	31316
322	2019	32452
322	2020	31764
322	2021	32198
322	2022	34609
322	2023	35560
323	1988	23895
323	1989	26971
323	1990	28056
323	1991	29844
323	1992	29571
323	1993	31369
323	1994	32235
323	1995	33590
323	1996	34727
323	1997	35018
323	1998	36323
323	1999	36916
323	2000	37499
323	2001	36838
323	2002	34935
323	2003	34478
323	2004	34695
323	2005	34651
323	2006	34485
323	2007	35168
323	2008	33789
323	2009	28869
323	2010	28190
323	2011	27261
323	2012	26580
323	2013	26765
323	2014	27357
323	2015	27162
323	2016	27215
323	2017	27302
323	2018	27411
323	2019	27736
323	2020	24084
323	2021	25219
323	2022	27301
323	2023	27954
324	1988	8508
324	1989	8017
324	1990	8523
324	1991	8872
324	1992	9289
324	1993	9565
324	1994	9694
324	1995	9926
324	1996	10126
324	1997	10586
324	1998	10656
324	1999	11065
324	2000	11084
324	2001	12083
324	2002	11235
324	2003	12167
324	2004	12527
324	2005	13466
324	2006	15610
324	2007	15770
324	2008	16349
324	2009	16464
324	2010	16444
324	2011	16913
324	2012	17959
324	2013	18595
324	2014	19061
324	2015	19815
324	2016	19421
324	2017	19429
324	2018	19903
324	2019	20956
324	2020	19893
324	2021	18871
324	2022	20271
324	2023	21465
325	1988	43597
325	1989	48161
325	1990	51437
325	1991	54041
325	1992	57066
325	1993	60725
325	1994	61483
325	1995	62080
325	1996	62731
325	1997	64787
325	1998	67314
325	1999	70345
325	2000	74705
325	2001	75084
325	2002	74247
325	2003	76531
325	2004	78423
325	2005	81555
325	2006	82746
325	2007	86440
325	2008	87191
325	2009	84633
325	2010	86778
325	2011	87318
325	2012	90702
325	2013	92691
325	2014	98208
325	2015	101665
325	2016	99988
325	2017	103092
325	2018	105445
325	2019	111294
325	2020	114453
325	2021	116410
325	2022	127930
325	2023	132577
326	1988	22987
326	1989	24453
326	1990	26012
326	1991	27079
326	1992	27549
326	1993	29630
326	1994	31375
326	1995	33272
326	1996	34563
326	1997	34651
326	1998	36774
326	1999	38777
326	2000	40305
326	2001	38892
326	2002	38737
326	2003	38880
326	2004	39274
326	2005	40356
326	2006	40985
326	2007	40610
326	2008	39980
326	2009	34491
326	2010	36098
326	2011	37729
326	2012	39039
326	2013	40030
326	2014	42101
326	2015	43560
326	2016	44897
326	2017	47155
326	2018	49309
326	2019	50626
326	2020	49795
326	2021	53772
326	2022	58670
326	2023	60592
327	1988	18040
327	1989	18914
327	1990	19413
327	1991	19491
327	1992	18755
327	1993	19656
327	1994	20237
327	1995	21230
327	1996	22140
327	1997	23132
327	1998	24186
327	1999	25367
327	2000	26847
327	2001	27078
327	2002	26801
327	2003	26713
327	2004	27375
327	2005	29029
327	2006	30254
327	2007	30731
327	2008	28659
327	2009	23488
327	2010	23324
327	2011	23611
327	2012	24834
327	2013	25110
327	2014	26424
327	2015	27986
327	2016	29102
327	2017	30570
327	2018	31404
327	2019	32853
327	2020	31896
327	2021	33453
327	2022	36430
327	2023	38748
331	1988	26629
331	1989	29601
331	1990	30715
331	1991	30367
331	1992	29393
331	1993	31894
331	1994	31544
331	1995	33186
331	1996	32318
331	1997	32433
331	1998	33265
331	1999	33679
331	2000	34422
331	2001	31665
331	2002	29314
331	2003	28570
331	2004	30053
331	2005	30701
331	2006	31977
331	2007	32497
331	2008	33007
331	2009	25596
331	2010	26684
331	2011	29685
331	2012	31221
331	2013	30869
331	2014	31826
331	2015	31636
331	2016	30388
331	2017	31764
331	2018	33977
331	2019	34038
331	2020	30380
331	2021	33982
331	2022	38113
331	2023	40164
332	1988	51467
332	1989	55683
332	1990	58372
332	1991	60316
332	1992	60747
332	1993	62569
332	1994	63489
332	1995	67225
332	1996	70368
332	1997	72412
332	1998	75834
332	1999	77626
332	2000	81634
332	2001	78645
332	2002	75501
332	2003	75252
332	2004	78988
332	2005	83076
332	2006	87625
332	2007	91152
332	2008	91776
332	2009	79690
332	2010	80163
332	2011	85534
332	2012	91930
332	2013	92952
332	2014	97835
332	2015	99179
332	2016	97555
332	2017	101358
332	2018	106811
332	2019	108356
332	2020	99154
332	2021	106918
332	2022	118306
332	2023	125005
333	1988	53091
333	1989	57126
333	1990	61095
333	1991	61986
333	1992	62127
333	1993	61901
333	1994	64606
333	1995	67557
333	1996	70601
333	1997	72354
333	1998	74946
333	1999	76056
333	2000	80170
333	2001	74926
333	2002	69568
333	2003	68686
333	2004	71844
333	2005	75459
333	2006	79304
333	2007	82801
333	2008	84207
333	2009	73942
333	2010	75166
333	2011	83234
333	2012	88411
333	2013	88681
333	2014	92621
333	2015	94664
333	2016	90788
333	2017	94780
333	2018	100457
333	2019	101911
333	2020	93785
333	2021	100097
333	2022	110011
333	2023	116527
334	1988	72218
334	1989	78703
334	1990	79412
334	1991	81428
334	1992	82587
334	1993	85230
334	1994	87050
334	1995	93091
334	1996	102902
334	1997	109732
334	1998	118402
334	1999	128597
334	2000	149631
334	2001	136220
334	2002	120047
334	2003	115829
334	2004	119634
334	2005	123200
334	2006	129630
334	2007	131824
334	2008	128167
334	2009	118619
334	2010	123468
334	2011	128747
334	2012	130662
334	2013	128137
334	2014	132262
334	2015	137529
334	2016	142701
334	2017	150706
334	2018	158131
334	2019	161194
334	2020	168704
334	2021	182630
334	2022	187212
334	2023	197451
335	1988	24975
335	1989	24450
335	1990	25306
335	1991	25272
335	1992	24421
335	1993	25015
335	1994	25735
335	1995	26517
335	1996	26608
335	1997	27006
335	1998	28108
335	1999	29501
335	2000	31274
335	2001	30045
335	2002	28038
335	2003	27704
335	2004	28558
335	2005	29092
335	2006	30292
335	2007	31038
335	2008	30871
335	2009	28568
335	2010	29199
335	2011	30644
335	2012	31890
335	2013	33017
335	2014	33582
335	2015	34671
335	2016	34953
335	2017	36459
335	2018	37625
335	2019	38230
335	2020	36814
335	2021	39291
335	2022	42034
335	2023	44972
3361MV	1988	46126
3361MV	1989	50483
3361MV	1990	50085
3361MV	1991	47031
3361MV	1992	47101
3361MV	1993	52936
3361MV	1994	56409
3361MV	1995	61974
3361MV	1996	63337
3361MV	1997	63330
3361MV	1998	71422
3361MV	1999	77205
3361MV	2000	80210
3361MV	2001	73361
3361MV	2002	73815
3361MV	2003	75609
3361MV	2004	76232
3361MV	2005	75371
3361MV	2006	75408
3361MV	2007	72484
3361MV	2008	63683
3361MV	2009	37414
3361MV	2010	48567
3361MV	2011	52541
3361MV	2012	56836
3361MV	2013	59316
3361MV	2014	64719
3361MV	2015	69906
3361MV	2016	72429
3361MV	2017	75338
3361MV	2018	79772
3361MV	2019	80308
3361MV	2020	71788
3361MV	2021	77724
3361MV	2022	88336
3361MV	2023	93737
3364OT	1988	46675
3364OT	1989	47877
3364OT	1990	50727
3364OT	1991	53113
3364OT	1992	52697
3364OT	1993	51428
3364OT	1994	48179
3364OT	1995	45252
3364OT	1996	46351
3364OT	1997	46806
3364OT	1998	50279
3364OT	1999	51340
3364OT	2000	50832
3364OT	2001	51963
3364OT	2002	51110
3364OT	2003	51390
3364OT	2004	56400
3364OT	2005	57606
3364OT	2006	62328
3364OT	2007	66237
3364OT	2008	68711
3364OT	2009	67226
3364OT	2010	66859
3364OT	2011	69515
3364OT	2012	72072
3364OT	2013	74230
3364OT	2014	76491
3364OT	2015	78114
3364OT	2016	77570
3364OT	2017	79828
3364OT	2018	84100
3364OT	2019	87912
3364OT	2020	83427
3364OT	2021	81728
3364OT	2022	91215
3364OT	2023	100270
337	1988	16193
337	1989	17308
337	1990	17836
337	1991	18029
337	1992	17197
337	1993	18527
337	1994	19353
337	1995	20344
337	1996	20799
337	1997	21449
337	1998	22996
337	1999	24407
337	2000	25474
337	2001	24769
337	2002	24297
337	2003	24577
337	2004	25172
337	2005	26013
337	2006	25941
337	2007	25867
337	2008	24120
337	2009	19575
337	2010	17843
337	2011	18063
337	2012	18528
337	2013	19401
337	2014	20382
337	2015	21926
337	2016	22179
337	2017	23576
337	2018	24580
337	2019	23729
337	2020	22368
337	2021	24393
337	2022	26865
337	2023	26924
339	1988	19243
339	1989	22506
339	1990	23936
339	1991	25035
339	1992	26051
339	1993	28803
339	1994	30934
339	1995	31825
339	1996	32751
339	1997	35508
339	1998	38003
339	1999	39144
339	2000	41223
339	2001	41074
339	2002	40566
339	2003	42097
339	2004	45065
339	2005	46092
339	2006	47947
339	2007	49446
339	2008	50215
339	2009	47467
339	2010	47364
339	2011	48238
339	2012	50042
339	2013	50365
339	2014	52320
339	2015	56107
339	2016	56016
339	2017	57807
339	2018	60448
339	2019	62021
339	2020	57413
339	2021	62691
339	2022	69063
339	2023	72047
42	1988	176143
42	1989	193548
42	1990	207446
42	1991	216018
42	1992	221445
42	1993	235044
42	1994	240399
42	1995	253801
42	1996	269413
42	1997	283353
42	1998	307592
42	1999	320396
42	2000	345772
42	2001	347305
42	2002	346041
42	2003	354691
42	2004	371953
42	2005	396558
42	2006	422020
42	2007	445949
42	2008	452358
42	2009	419262
42	2010	426980
42	2011	451278
42	2012	469783
42	2013	480983
42	2014	503405
42	2015	522826
42	2016	527725
42	2017	544580
42	2018	557918
42	2019	571213
42	2020	567333
42	2021	615870
42	2022	677289
42	2023	718961
441	1988	49312
441	1989	51799
441	1990	54548
441	1991	56586
441	1992	58022
441	1993	60267
441	1994	63478
441	1995	67257
441	1996	70290
441	1997	73307
441	1998	77871
441	1999	82075
441	2000	85726
441	2001	89756
441	2002	92811
441	2003	96865
441	2004	98665
441	2005	102787
441	2006	103405
441	2007	104884
441	2008	97775
441	2009	84429
441	2010	87996
441	2011	93819
441	2012	98932
441	2013	104401
441	2014	110563
441	2015	117817
441	2016	122450
441	2017	125561
441	2018	129984
441	2019	136972
441	2020	131767
441	2021	157028
441	2022	171394
441	2023	177321
445	1988	43834
445	1989	46045
445	1990	48490
445	1991	50301
445	1992	51577
445	1993	53572
445	1994	56426
445	1995	59786
445	1996	62483
445	1997	65165
445	1998	69228
445	1999	70340
445	2000	72792
445	2001	74956
445	2002	76486
445	2003	79195
445	2004	79647
445	2005	81308
445	2006	81854
445	2007	84360
445	2008	87489
445	2009	85836
445	2010	86499
445	2011	86998
445	2012	88724
445	2013	90924
445	2014	93664
445	2015	98979
445	2016	99744
445	2017	102580
445	2018	105325
445	2019	110191
445	2020	116565
445	2021	115873
445	2022	126931
445	2023	138378
452	1988	34997
452	1989	36762
452	1990	38714
452	1991	40160
452	1992	41177
452	1993	42771
452	1994	45051
452	1995	47731
452	1996	49886
452	1997	52026
452	1998	55268
452	1999	56872
452	2000	61562
452	2001	63553
452	2002	67150
452	2003	72028
452	2004	74742
452	2005	79713
452	2006	81878
452	2007	84953
452	2008	86675
452	2009	89053
452	2010	87304
452	2011	91074
452	2012	90351
452	2013	90120
452	2014	93241
452	2015	96616
452	2016	97905
452	2017	98991
452	2018	101976
452	2019	103008
452	2020	102770
452	2021	112018
452	2022	122266
452	2023	124848
481	1988	14813
481	1989	19554
481	1990	21495
481	1991	23595
481	1992	24383
481	1993	26137
481	1994	26914
481	1995	28120
481	1996	28591
481	1997	29767
481	1998	33337
481	1999	36976
481	2000	39611
481	2001	41791
481	2002	40779
481	2003	38870
481	2004	38399
481	2005	36534
481	2006	36857
481	2007	39908
481	2008	38372
481	2009	35250
481	2010	36816
481	2011	39237
481	2012	40570
481	2013	43078
481	2014	44412
481	2015	48445
481	2016	53400
481	2017	57095
481	2018	60234
481	2019	62917
481	2020	45436
481	2021	44139
481	2022	65988
481	2023	78983
482	1988	17071
482	1989	15522
482	1990	15264
482	1991	14936
482	1992	15088
482	1993	15753
482	1994	15330
482	1995	15170
482	1996	15082
482	1997	15275
482	1998	16414
482	1999	17029
482	2000	16656
482	2001	16406
482	2002	16059
482	2003	16362
482	2004	16982
482	2005	17904
482	2006	18707
482	2007	19287
482	2008	20420
482	2009	18831
482	2010	18460
482	2011	20592
482	2012	22308
482	2013	21618
482	2014	23162
482	2015	24226
482	2016	21943
482	2017	21893
482	2018	23200
482	2019	23009
482	2020	20201
482	2021	19937
482	2022	21747
482	2023	23335
483	1988	2695
483	1989	2643
483	1990	2691
483	1991	2906
483	1992	3043
483	1993	3104
483	1994	3121
483	1995	3089
483	1996	3042
483	1997	3131
483	1998	3041
483	1999	3232
483	2000	3265
483	2001	3584
483	2002	3697
483	2003	3811
483	2004	4188
483	2005	4666
483	2006	5090
483	2007	5752
483	2008	6080
483	2009	5890
483	2010	5999
483	2011	6333
483	2012	6554
483	2013	6866
483	2014	7142
483	2015	7322
483	2016	7056
483	2017	7144
483	2018	7364
483	2019	7743
483	2020	7084
483	2021	7013
483	2022	8362
483	2023	9218
484	1988	39930
484	1989	39183
484	1990	40869
484	1991	42324
484	1992	43554
484	1993	46742
484	1994	48528
484	1995	53376
484	1996	55114
484	1997	60150
484	1998	65049
484	1999	70600
484	2000	72615
484	2001	73176
484	2002	74711
484	2003	74878
484	2004	80383
484	2005	86202
484	2006	90514
484	2007	93512
484	2008	89687
484	2009	81094
484	2010	80266
484	2011	86053
484	2012	91476
484	2013	94377
484	2014	100297
484	2015	106185
484	2016	106967
484	2017	110730
484	2018	119063
484	2019	130056
484	2020	123385
484	2021	139934
484	2022	156117
484	2023	154730
485	1988	6222
485	1989	7326
485	1990	7384
485	1991	8078
485	1992	8473
485	1993	8989
485	1994	10025
485	1995	10276
485	1996	10060
485	1997	10695
485	1998	10905
485	1999	12255
485	2000	12344
485	2001	13212
485	2002	13568
485	2003	13786
485	2004	14687
485	2005	15650
485	2006	17121
485	2007	17609
485	2008	17992
485	2009	18193
485	2010	19055
485	2011	19889
485	2012	20189
485	2013	20622
485	2014	22036
485	2015	24268
485	2016	27162
485	2017	30160
485	2018	35513
485	2019	48478
485	2020	29863
485	2021	33892
485	2022	46765
485	2023	52846
486	1988	2756
486	1989	2807
486	1990	2896
486	1991	2965
486	1992	3068
486	1993	3358
486	1994	3445
486	1995	3459
486	1996	3204
486	1997	3507
486	1998	3562
486	1999	3844
486	2000	4916
486	2001	4883
486	2002	3782
486	2003	3722
486	2004	3720
486	2005	3767
486	2006	4233
486	2007	4733
486	2008	4776
486	2009	4909
486	2010	5301
486	2011	5733
486	2012	6754
486	2013	6169
486	2014	6575
486	2015	7146
486	2016	7228
486	2017	7617
486	2018	7772
486	2019	8566
486	2020	8481
486	2021	8199
486	2022	8933
486	2023	9996
487OS	1988	30048
487OS	1989	30877
487OS	1990	32542
487OS	1991	34202
487OS	1992	36257
487OS	1993	38506
487OS	1994	39398
487OS	1995	40259
487OS	1996	41043
487OS	1997	43080
487OS	1998	46824
487OS	1999	48050
487OS	2000	51817
487OS	2001	53385
487OS	2002	52441
487OS	2003	54916
487OS	2004	59890
487OS	2005	62972
487OS	2006	63970
487OS	2007	67802
487OS	2008	69236
487OS	2009	65533
487OS	2010	67294
487OS	2011	68935
487OS	2012	72347
487OS	2013	74913
487OS	2014	77178
487OS	2015	83128
487OS	2016	85079
487OS	2017	91102
487OS	2018	98149
487OS	2019	110556
487OS	2020	116214
487OS	2021	137046
487OS	2022	154062
487OS	2023	162158
493	1988	10381
493	1989	11116
493	1990	11652
493	1991	12348
493	1992	12718
493	1993	13929
493	1994	14555
493	1995	15512
493	1996	16672
493	1997	17318
493	1998	18363
493	1999	17382
493	2000	19985
493	2001	20180
493	2002	20592
493	2003	21855
493	2004	25451
493	2005	27863
493	2006	28587
493	2007	31263
493	2008	31994
493	2009	32367
493	2010	32703
493	2011	33156
493	2012	35599
493	2013	36448
493	2014	38054
493	2015	43261
493	2016	48606
493	2017	53892
493	2018	60702
493	2019	64771
493	2020	76500
493	2021	93421
493	2022	109979
493	2023	111881
4A0	1988	128796
4A0	1989	135295
4A0	1990	142473
4A0	1991	147795
4A0	1992	151546
4A0	1993	157407
4A0	1994	165795
4A0	1995	175667
4A0	1996	183591
4A0	1997	191471
4A0	1998	203394
4A0	1999	213029
4A0	2000	227272
4A0	2001	229876
4A0	2002	232221
4A0	2003	241457
4A0	2004	250296
4A0	2005	263268
4A0	2006	269819
4A0	2007	277502
4A0	2008	271636
4A0	2009	254067
4A0	2010	255130
4A0	2011	261741
4A0	2012	268293
4A0	2013	275410
4A0	2014	285853
4A0	2015	300070
4A0	2016	307082
4A0	2017	318234
4A0	2018	332051
4A0	2019	344514
4A0	2020	335586
4A0	2021	367567
4A0	2022	395443
4A0	2023	414854
511	1988	27784
511	1989	30699
511	1990	32370
511	1991	34300
511	1992	35405
511	1993	37278
511	1994	41096
511	1995	44661
511	1996	48305
511	1997	53912
511	1998	63081
511	1999	72572
511	2000	76629
511	2001	74959
511	2002	69239
511	2003	70381
511	2004	71513
511	2005	73788
511	2006	76571
511	2007	82164
511	2008	81432
511	2009	78338
511	2010	76270
511	2011	81448
511	2012	84798
511	2013	84210
511	2014	90018
511	2015	96704
511	2016	96556
511	2017	103114
511	2018	113438
511	2019	123763
511	2020	135635
511	2021	164602
511	2022	164855
511	2023	177368
512	1988	11070
512	1989	11586
512	1990	13065
512	1991	15004
512	1992	15120
512	1993	16184
512	1994	18064
512	1995	19167
512	1996	21137
512	1997	24043
512	1998	24776
512	1999	24141
512	2000	25476
512	2001	27241
512	2002	26535
512	2003	28237
512	2004	29412
512	2005	28766
512	2006	30349
512	2007	33426
512	2008	33066
512	2009	33843
512	2010	35838
512	2011	36128
512	2012	38325
512	2013	36473
512	2014	40605
512	2015	44427
512	2016	43732
512	2017	43383
512	2018	46461
512	2019	47309
512	2020	38496
512	2021	50549
512	2022	55142
512	2023	48097
513	1988	51512
513	1989	53595
513	1990	54411
513	1991	57646
513	1992	59197
513	1993	61990
513	1994	65431
513	1995	69765
513	1996	74854
513	1997	79869
513	1998	87576
513	1999	100786
513	2000	110674
513	2001	110771
513	2002	106731
513	2003	106234
513	2004	109435
513	2005	108913
513	2006	109363
513	2007	120223
513	2008	116710
513	2009	115318
513	2010	110600
513	2011	112464
513	2012	113417
513	2013	114963
513	2014	117505
513	2015	115156
513	2016	114526
513	2017	115273
513	2018	115301
513	2019	115717
513	2020	114894
513	2021	117799
513	2022	119892
513	2023	124371
514	1988	10259
514	1989	11187
514	1990	12268
514	1991	13478
514	1992	13938
514	1993	15234
514	1994	16447
514	1995	18207
514	1996	20499
514	1997	22487
514	1998	26201
514	1999	29329
514	2000	24777
514	2001	41433
514	2002	37821
514	2003	38153
514	2004	40531
514	2005	41474
514	2006	43693
514	2007	38365
514	2008	38579
514	2009	37615
514	2010	39453
514	2011	44430
514	2012	50693
514	2013	63828
514	2014	69962
514	2015	81118
514	2016	88947
514	2017	102727
514	2018	118383
514	2019	129193
514	2020	148948
514	2021	190349
514	2022	192581
514	2023	208148
521CI	1988	74680
521CI	1989	80094
521CI	1990	83820
521CI	1991	88131
521CI	1992	89465
521CI	1993	97637
521CI	1994	101746
521CI	1995	102758
521CI	1996	105099
521CI	1997	111453
521CI	1998	125331
521CI	1999	132670
521CI	2000	136849
521CI	2001	153477
521CI	2002	164093
521CI	2003	178604
521CI	2004	187510
521CI	2005	201622
521CI	2006	212501
521CI	2007	216385
521CI	2008	204377
521CI	2009	188170
521CI	2010	190205
521CI	2011	201287
521CI	2012	214531
521CI	2013	221525
521CI	2014	225488
521CI	2015	239156
521CI	2016	251765
521CI	2017	265361
521CI	2018	277575
521CI	2019	292759
521CI	2020	323226
521CI	2021	351919
521CI	2022	348014
521CI	2023	353801
523	1988	49174
523	1989	51123
523	1990	47496
523	1991	49111
523	1992	53708
523	1993	60562
523	1994	73114
523	1995	68578
523	1996	84902
523	1997	107136
523	1998	113305
523	1999	111233
523	2000	122030
523	2001	172985
523	2002	152867
523	2003	136790
523	2004	148747
523	2005	189455
523	2006	216789
523	2007	190159
523	2008	85310
523	2009	176594
523	2010	182250
523	2011	158957
523	2012	226777
523	2013	223131
523	2014	210762
523	2015	213900
523	2016	253125
523	2017	280570
523	2018	273017
523	2019	259456
523	2020	306709
523	2021	350461
523	2022	327011
523	2023	335616
524	1988	70280
524	1989	76930
524	1990	82302
524	1991	90539
524	1992	95936
524	1993	101658
524	1994	107140
524	1995	111887
524	1996	116756
524	1997	124701
524	1998	133994
524	1999	138354
524	2000	147001
524	2001	156387
524	2002	159903
524	2003	167148
524	2004	179276
524	2005	187749
524	2006	200081
524	2007	206269
524	2008	209588
524	2009	201071
524	2010	206775
524	2011	217999
524	2012	229430
524	2013	233972
524	2014	247896
524	2015	267225
524	2016	272523
524	2017	286220
524	2018	299473
524	2019	311649
524	2020	328846
524	2021	338013
524	2022	360364
524	2023	384568
525	1988	321
525	1989	335
525	1990	372
525	1991	406
525	1992	452
525	1993	512
525	1994	591
525	1995	629
525	1996	756
525	1997	846
525	1998	944
525	1999	1006
525	2000	1093
525	2001	1174
525	2002	1187
525	2003	1284
525	2004	1534
525	2005	1687
525	2006	1800
525	2007	667
525	2008	664
525	2009	632
525	2010	557
525	2011	616
525	2012	517
525	2013	584
525	2014	864
525	2015	1121
525	2016	1609
525	2017	2060
525	2018	46
525	2019	85
525	2020	51
525	2021	3990
525	2022	5340
525	2023	6145
531	1988	33560
531	1989	37239
531	1990	38158
531	1991	37532
531	1992	37754
531	1993	37439
531	1994	38056
531	1995	38499
531	1996	38656
531	1997	40000
531	1998	43526
531	1999	47739
531	2000	51484
531	2001	51439
531	2002	57535
531	2003	62928
531	2004	71414
531	2005	75047
531	2006	82240
531	2007	82415
531	2008	77889
531	2009	73627
531	2010	73716
531	2011	74886
531	2012	81634
531	2013	85733
531	2014	88916
531	2015	99167
531	2016	104228
531	2017	110478
531	2018	121111
531	2019	125310
531	2020	131792
531	2021	156407
531	2022	171129
531	2023	164885
532RL	1988	11192
532RL	1989	12555
532RL	1990	13503
532RL	1991	14800
532RL	1992	14258
532RL	1993	14502
532RL	1994	15838
532RL	1995	16977
532RL	1996	18730
532RL	1997	20217
532RL	1998	22073
532RL	1999	23654
532RL	2000	25446
532RL	2001	26090
532RL	2002	26315
532RL	2003	25807
532RL	2004	27179
532RL	2005	28437
532RL	2006	30198
532RL	2007	31464
532RL	2008	31176
532RL	2009	28592
532RL	2010	28570
532RL	2011	28985
532RL	2012	31217
532RL	2013	32051
532RL	2014	33559
532RL	2015	34999
532RL	2016	35022
532RL	2017	37013
532RL	2018	39531
532RL	2019	41741
532RL	2020	35857
532RL	2021	39188
532RL	2022	47452
532RL	2023	50980
5411	1988	62501
5411	1989	71715
5411	1990	76656
5411	1991	80580
5411	1992	88777
5411	1993	92963
5411	1994	100199
5411	1995	99982
5411	1996	97573
5411	1997	97111
5411	1998	102510
5411	1999	102116
5411	2000	108080
5411	2001	116696
5411	2002	115853
5411	2003	124107
5411	2004	126562
5411	2005	133503
5411	2006	141605
5411	2007	142352
5411	2008	149758
5411	2009	143185
5411	2010	138397
5411	2011	144587
5411	2012	146475
5411	2013	150224
5411	2014	150114
5411	2015	150834
5411	2016	157082
5411	2017	160943
5411	2018	171691
5411	2019	172472
5411	2020	168234
5411	2021	185850
5411	2022	191451
5411	2023	201511
5412OP	1988	127424
5412OP	1989	148415
5412OP	1990	164304
5412OP	1991	181224
5412OP	1992	186500
5412OP	1993	200614
5412OP	1994	211268
5412OP	1995	218100
5412OP	1996	235670
5412OP	1997	258271
5412OP	1998	280955
5412OP	1999	297955
5412OP	2000	334631
5412OP	2001	344587
5412OP	2002	341075
5412OP	2003	348614
5412OP	2004	374500
5412OP	2005	408114
5412OP	2006	445118
5412OP	2007	477551
5412OP	2008	500474
5412OP	2009	477449
5412OP	2010	484167
5412OP	2011	514167
5412OP	2012	546940
5412OP	2013	562279
5412OP	2014	589323
5412OP	2015	631941
5412OP	2016	645914
5412OP	2017	676158
5412OP	2018	726222
5412OP	2019	774941
5412OP	2020	773657
5412OP	2021	858554
5412OP	2022	960048
5412OP	2023	1014505
5415	1988	25807
5415	1989	29172
5415	1990	33036
5415	1991	36878
5415	1992	39561
5415	1993	45641
5415	1994	48601
5415	1995	54033
5415	1996	60008
5415	1997	73830
5415	1998	83166
5415	1999	95933
5415	2000	105999
5415	2001	110351
5415	2002	102809
5415	2003	109296
5415	2004	117261
5415	2005	128767
5415	2006	141757
5415	2007	154058
5415	2008	163541
5415	2009	161083
5415	2010	169884
5415	2011	184728
5415	2012	206475
5415	2013	211570
5415	2014	226559
5415	2015	247938
5415	2016	263154
5415	2017	282648
5415	2018	303731
5415	2019	328550
5415	2020	341789
5415	2021	394634
5415	2022	418746
5415	2023	439273
55	1988	64484
55	1989	69039
55	1990	73032
55	1991	77867
55	1992	82743
55	1993	88360
55	1994	92236
55	1995	97025
55	1996	100036
55	1997	105913
55	1998	118526
55	1999	126275
55	2000	147585
55	2001	150293
55	2002	150453
55	2003	159726
55	2004	175600
55	2005	185332
55	2006	200744
55	2007	219915
55	2008	221118
55	2009	207948
55	2010	227176
55	2011	237912
55	2012	259416
55	2013	274980
55	2014	287434
55	2015	302344
55	2016	304599
55	2017	324519
55	2018	341754
55	2019	357414
55	2020	355825
55	2021	391546
55	2022	427322
55	2023	444190
561	1988	74052
561	1989	82535
561	1990	92081
561	1991	103760
561	1992	105337
561	1993	116590
561	1994	123359
561	1995	133510
561	1996	149948
561	1997	169397
561	1998	187885
561	1999	201580
561	2000	229253
561	2001	235895
561	2002	237203
561	2003	243600
561	2004	263368
561	2005	283749
561	2006	301472
561	2007	322165
561	2008	326007
561	2009	300615
561	2010	312321
561	2011	331206
561	2012	352679
561	2013	363173
561	2014	385373
561	2015	407156
561	2016	420714
561	2017	452229
561	2018	473602
561	2019	494112
561	2020	479862
561	2021	545271
561	2022	619378
561	2023	635406
562	1988	7524
562	1989	8538
562	1990	9265
562	1991	10092
562	1992	10026
562	1993	11210
562	1994	11839
562	1995	12561
562	1996	13112
562	1997	13375
562	1998	14071
562	1999	14747
562	2000	15318
562	2001	16112
562	2002	16848
562	2003	17537
562	2004	18398
562	2005	19697
562	2006	20979
562	2007	21777
562	2008	22702
562	2009	22117
562	2010	28995
562	2011	24543
562	2012	25437
562	2013	25988
562	2014	27647
562	2015	27552
562	2016	29156
562	2017	31798
562	2018	33622
562	2019	35238
562	2020	35992
562	2021	38983
562	2022	42049
562	2023	46536
61	1988	30847
61	1989	32778
61	1990	35641
61	1991	38237
61	1992	41287
61	1993	45406
61	1994	49122
61	1995	53375
61	1996	57672
61	1997	62531
61	1998	67917
61	1999	73332
61	2000	78405
61	2001	84234
61	2002	93821
61	2003	99149
61	2004	107494
61	2005	111765
61	2006	119125
61	2007	127278
61	2008	136373
61	2009	147407
61	2010	153612
61	2011	161300
61	2012	169401
61	2013	174399
61	2014	183636
61	2015	189165
61	2016	199697
61	2017	201434
61	2018	212579
61	2019	225890
61	2020	222680
61	2021	234124
61	2022	249766
61	2023	263775
621	1988	122028
621	1989	136494
621	1990	152332
621	1991	166769
621	1992	185199
621	1993	202674
621	1994	217109
621	1995	225048
621	1996	234662
621	1997	238957
621	1998	242963
621	1999	253822
621	2000	263434
621	2001	280549
621	2002	299785
621	2003	322818
621	2004	337905
621	2005	351023
621	2006	379055
621	2007	396949
621	2008	412417
621	2009	428681
621	2010	449672
621	2011	463828
621	2012	484489
621	2013	501439
621	2014	516777
621	2015	544842
621	2016	569060
621	2017	596774
621	2018	633870
621	2019	658383
621	2020	627774
621	2021	693123
621	2022	762483
621	2023	816722
622	1988	73744
622	1989	79883
622	1990	88706
622	1991	100269
622	1992	110859
622	1993	118983
622	1994	127638
622	1995	131808
622	1996	135357
622	1997	142507
622	1998	150135
622	1999	158674
622	2000	166170
622	2001	179015
622	2002	193841
622	2003	209788
622	2004	225409
622	2005	238494
622	2006	255812
622	2007	269825
622	2008	288403
622	2009	304416
622	2010	305896
622	2011	319764
622	2012	331596
622	2013	339207
622	2014	347053
622	2015	368736
622	2016	382467
622	2017	398102
622	2018	414868
622	2019	429959
622	2020	437745
622	2021	455682
622	2022	493368
622	2023	528092
623	1988	27933
623	1989	30258
623	1990	33599
623	1991	37980
623	1992	41990
623	1993	45068
623	1994	48346
623	1995	49925
623	1996	51271
623	1997	53978
623	1998	56891
623	1999	60827
623	2000	65173
623	2001	69477
623	2002	75135
623	2003	79245
623	2004	83442
623	2005	86030
623	2006	90972
623	2007	95538
623	2008	101724
623	2009	105661
623	2010	109949
623	2011	111802
623	2012	113677
623	2013	116401
623	2014	119570
623	2015	124272
623	2016	129188
623	2017	132147
623	2018	138382
623	2019	142761
623	2020	154108
623	2021	149702
623	2022	162505
623	2023	176789
624	1988	17010
624	1989	19036
624	1990	20852
624	1991	23967
624	1992	25641
624	1993	29427
624	1994	31528
624	1995	34056
624	1996	36286
624	1997	37411
624	1998	40785
624	1999	45411
624	2000	49818
624	2001	52686
624	2002	56326
624	2003	61499
624	2004	64010
624	2005	68473
624	2006	72678
624	2007	76266
624	2008	84618
624	2009	87110
624	2010	84197
624	2011	83095
624	2012	90275
624	2013	95971
624	2014	100513
624	2015	106753
624	2016	114225
624	2017	120496
624	2018	128015
624	2019	145207
624	2020	145335
624	2021	148645
624	2022	173465
624	2023	191815
711AS	1988	15811
711AS	1989	16861
711AS	1990	18959
711AS	1991	22872
711AS	1992	23688
711AS	1993	27349
711AS	1994	28053
711AS	1995	29216
711AS	1996	30882
711AS	1997	33447
711AS	1998	36359
711AS	1999	39769
711AS	2000	44301
711AS	2001	47219
711AS	2002	51707
711AS	2003	56901
711AS	2004	60610
711AS	2005	60779
711AS	2006	65888
711AS	2007	68290
711AS	2008	72794
711AS	2009	69256
711AS	2010	68552
711AS	2011	71360
711AS	2012	75022
711AS	2013	80193
711AS	2014	82331
711AS	2015	87877
711AS	2016	93096
711AS	2017	95614
711AS	2018	104125
711AS	2019	104280
711AS	2020	81777
711AS	2021	89148
711AS	2022	124687
711AS	2023	134877
713	1988	11024
713	1989	12169
713	1990	13974
713	1991	15312
713	1992	15972
713	1993	17955
713	1994	19152
713	1995	19887
713	1996	21384
713	1997	23236
713	1998	25931
713	1999	27910
713	2000	30721
713	2001	32195
713	2002	34029
713	2003	35822
713	2004	36584
713	2005	37717
713	2006	38931
713	2007	41142
713	2008	43075
713	2009	41202
713	2010	41916
713	2011	42915
713	2012	45784
713	2013	47785
713	2014	51870
713	2015	53334
713	2016	57931
713	2017	59980
713	2018	62491
713	2019	65430
713	2020	49182
713	2021	60308
713	2022	75083
713	2023	84383
721	1988	24305
721	1989	27498
721	1990	29777
721	1991	31793
721	1992	32743
721	1993	33388
721	1994	34837
721	1995	35857
721	1996	37172
721	1997	39312
721	1998	43344
721	1999	48331
721	2000	52648
721	2001	53145
721	2002	51580
721	2003	52569
721	2004	56280
721	2005	59391
721	2006	60969
721	2007	64645
721	2008	66964
721	2009	61030
721	2010	62020
721	2011	65545
721	2012	68525
721	2013	70970
721	2014	75163
721	2015	78994
721	2016	80678
721	2017	83850
721	2018	87588
721	2019	92424
721	2020	62511
721	2021	74474
721	2022	94068
721	2023	103420
722	1988	67166
722	1989	75804
722	1990	79810
722	1991	85075
722	1992	88058
722	1993	89866
722	1994	93972
722	1995	97960
722	1996	100361
722	1997	105502
722	1998	116106
722	1999	126618
722	2000	133295
722	2001	140405
722	2002	146181
722	2003	155224
722	2004	165957
722	2005	172781
722	2006	183364
722	2007	194140
722	2008	196432
722	2009	191306
722	2010	195710
722	2011	207176
722	2012	225097
722	2013	234609
722	2014	250173
722	2015	273970
722	2016	290986
722	2017	308286
722	2018	324767
722	2019	342479
722	2020	251499
722	2021	307626
722	2022	414531
722	2023	452427
81	1988	98362
81	1989	109179
81	1990	116605
81	1991	125218
81	1992	127853
81	1993	136345
81	1994	144854
81	1995	150543
81	1996	159972
81	1997	170483
81	1998	182819
81	1999	188306
81	2000	200877
81	2001	206307
81	2002	221905
81	2003	231247
81	2004	241208
81	2005	246022
81	2006	257990
81	2007	269595
81	2008	278363
81	2009	273856
81	2010	271242
81	2011	275000
81	2012	290671
81	2013	300266
81	2014	314868
81	2015	329027
81	2016	337304
81	2017	351126
81	2018	373907
81	2019	387252
81	2020	360243
81	2021	382417
81	2022	454514
81	2023	476608
GFE	1988	30620
GFE	1989	33197
GFE	1990	34693
GFE	1991	38381
GFE	1992	39407
GFE	1993	42160
GFE	1994	41582
GFE	1995	44212
GFE	1996	46058
GFE	1997	47316
GFE	1998	48564
GFE	1999	49929
GFE	2000	53858
GFE	2001	53687
GFE	2002	54332
GFE	2003	54197
GFE	2004	58026
GFE	2005	58651
GFE	2006	60268
GFE	2007	60928
GFE	2008	60054
GFE	2009	57753
GFE	2010	56635
GFE	2011	56570
GFE	2012	56097
GFE	2013	55337
GFE	2014	55788
GFE	2015	59107
GFE	2016	58609
GFE	2017	59219
GFE	2018	61203
GFE	2019	61169
GFE	2020	63369
GFE	2021	65809
GFE	2022	68485
GFE	2023	70216
GFGD	1988	94721
GFGD	1989	100220
GFGD	1990	104263
GFGD	1991	108985
GFGD	1992	115445
GFGD	1993	117400
GFGD	1994	116136
GFGD	1995	114500
GFGD	1996	112151
GFGD	1997	111415
GFGD	1998	110772
GFGD	1999	112658
GFGD	2000	116935
GFGD	2001	123206
GFGD	2002	139340
GFGD	2003	160791
GFGD	2004	172202
GFGD	2005	185992
GFGD	2006	192983
GFGD	2007	201511
GFGD	2008	214321
GFGD	2009	229241
GFGD	2010	244005
GFGD	2011	250807
GFGD	2012	248004
GFGD	2013	239563
GFGD	2014	239144
GFGD	2015	238665
GFGD	2016	242161
GFGD	2017	246098
GFGD	2018	257425
GFGD	2019	266807
GFGD	2020	280451
GFGD	2021	293879
GFGD	2022	301354
GFGD	2023	318540
GFGN	1988	61247
GFGN	1989	64804
GFGN	1990	67418
GFGN	1991	70470
GFGN	1992	74647
GFGN	1993	75913
GFGN	1994	75094
GFGN	1995	74037
GFGN	1996	72518
GFGN	1997	72042
GFGN	1998	75075
GFGN	1999	79026
GFGN	2000	85512
GFGN	2001	87977
GFGN	2002	96991
GFGN	2003	106918
GFGN	2004	112066
GFGN	2005	117476
GFGN	2006	121538
GFGN	2007	127556
GFGN	2008	135234
GFGN	2009	146592
GFGN	2010	158788
GFGN	2011	160808
GFGN	2012	161051
GFGN	2013	160242
GFGN	2014	165022
GFGN	2015	171258
GFGN	2016	178953
GFGN	2017	184220
GFGN	2018	191007
GFGN	2019	195632
GFGN	2020	206637
GFGN	2021	214253
GFGN	2022	224248
GFGN	2023	246176
GSLE	1988	27445
GSLE	1989	29640
GSLE	1990	32197
GSLE	1991	34959
GSLE	1992	37319
GSLE	1993	39841
GSLE	1994	41692
GSLE	1995	43269
GSLE	1996	44296
GSLE	1997	45449
GSLE	1998	48070
GSLE	1999	51126
GSLE	2000	54595
GSLE	2001	61795
GSLE	2002	65571
GSLE	2003	68875
GSLE	2004	73166
GSLE	2005	76334
GSLE	2006	79544
GSLE	2007	83853
GSLE	2008	87688
GSLE	2009	89371
GSLE	2010	91141
GSLE	2011	91910
GSLE	2012	91526
GSLE	2013	95452
GSLE	2014	98543
GSLE	2015	102019
GSLE	2016	104374
GSLE	2017	107032
GSLE	2018	112046
GSLE	2019	115297
GSLE	2020	115923
GSLE	2021	118380
GSLE	2022	123137
GSLE	2023	131931
GSLG	1988	341695
GSLG	1989	369391
GSLG	1990	404845
GSLG	1991	444657
GSLG	1992	476583
GSLG	1993	513575
GSLG	1994	538395
GSLG	1995	565763
GSLG	1996	590896
GSLG	1997	613506
GSLG	1998	646300
GSLG	1999	688090
GSLG	2000	732479
GSLG	2001	785385
GSLG	2002	829143
GSLG	2003	864905
GSLG	2004	907549
GSLG	2005	944908
GSLG	2006	989842
GSLG	2007	1045752
GSLG	2008	1095890
GSLG	2009	1117908
GSLG	2010	1141113
GSLG	2011	1141931
GSLG	2012	1147128
GSLG	2013	1197763
GSLG	2014	1232456
GSLG	2015	1275273
GSLG	2016	1303303
GSLG	2017	1338917
GSLG	2018	1393197
GSLG	2019	1433271
GSLG	2020	1475220
GSLG	2021	1515137
GSLG	2022	1555670
GSLG	2023	1642086
