component	lightcast	refined	occ_ttl
11-1011	10	0	Chief Executives
11-1021	0	0	General and Operations Managers
11-2011	0	0	Advertising and Promotions Managers
11-2021	0	0	Marketing Managers
11-2022	0	0	Sales Managers
11-2032 | 11-2033	0	0	Public Relations and Fundraising Managers
11-3012 | 11-3013	15	0	Administrative Services and Facilities Managers
11-3021	25	0	Computer and Information Systems Managers
11-3031	15	15	Financial Managers
11-3051	10	10	Industrial Production Managers
11-3061	10	0	Purchasing Managers
11-3071	10	0	Transportation, Storage, and Distribution Managers
11-3111	25	0	Compensation and Benefits Managers
11-3121	15	0	Human Resources Managers
11-3131	10	0	Training and Development Managers
11-9013	30	0	Farmers, Ranchers, and Other Agricultural Managers
11-9021	0	0	Construction Managers
11-9031	0	0	Education and Childcare Administrators, Preschool and Daycare
11-9033	20	0	Education Administrators, Postsecondary
11-9041	20	0	Architectural and Engineering Managers
11-9051	0	0	Food Service Managers
11-9071	0	0	Gambling Managers
11-9081	0	0	Lodging Managers
11-9111	15	0	Medical and Health Services Managers
11-9121	30	0	Natural Sciences Managers
11-9131	0	0	Postmasters and Mail Superintendents
11-9141	0	0	Property, Real Estate, and Community Association Managers
11-9151	10	0	Social and Community Service Managers
11-9161	0	0	Emergency Management Directors
11-9171 | 39-4031	30	0	Funeral Home Managers; Morticians, Undertakers, and Funeral Arrangers
13-1011	10	0	Agents and Business Managers of Artists, Performers, and Athletes
13-1021 | 13-1022 | 13-1023	10	0	Buyers and Purchasing Agents
13-1031	20	0	Claims Adjusters, Examiners, and Investigators
13-1032	0	0	Insurance Appraisers, Auto Damage
13-1041	30	0	Compliance Officers
13-1051	0	0	Cost Estimators
13-1071 | 13-1075	15	0	Human Resources Specialists
13-1074	0	0	Farm Labor Contractors
13-1081	20	20	Logisticians
13-1082 | 13-1199	25	0	Project Management Specialists
13-1111	20	0	Management Analysts
13-1121	0	0	Meeting, Convention, and Event Planners
13-1131 | 41-9099	10	0	Fundraisers; Sales and Related Workers, All Other
13-1141	20	0	Compensation, Benefits, and Job Analysis Specialists
13-1151	10	0	Training and Development Specialists
13-1161	10	10	Market Research Analysts and Marketing Specialists
13-2011	30	30	Accountants and Auditors
13-2022 | 13-2023	15	15	Property Appraisers and Assessors
13-2031	10	0	Budget Analysts
13-2041	10	0	Credit Analysts
13-2052	0	0	Personal Financial Advisors
13-2053	0	0	Insurance Underwriters
13-2061	35	0	Financial Examiners
13-2071	10	0	Credit Counselors
13-2072	0	0	Loan Officers
13-2081	10	10	Tax Examiners and Collectors, and Revenue Agents
13-2082	0	0	Tax Preparers
15-1211	30	0	Computer Systems Analysts
15-1212 | 15-1241 | 15-1254 | 15-1255	25	0	Computer Network Architects; Information Security Analysts
15-1221	20	0	Computer and Information Research Scientists
15-1231 | 15-1232	15	0	Computer Network Support Specialists; Computer User Support Specialists
15-1242 | 15-1243	75	70	Database Administrators; Database Architects
15-1244	20	0	Network and Computer Systems Administrators
15-1251	30	0	Computer Programmers
15-1252 | 15-1253	25	15	Software Developers
15-2011	10	10	Actuaries
15-2021	0	0	Mathematicians
15-2031	30	20	Operations Research Analysts
15-2041	45	20	Statisticians
15-2051 | 15-2099	40	40	Data Scientists
17-1011	0	0	Architects, Except Landscape and Naval
17-1012	10	0	Landscape Architects
17-1021	35	25	Cartographers and Photogrammetrists
17-1022	15	10	Surveyors
17-2011	10	0	Aerospace Engineers
17-2021	0	0	Agricultural Engineers
17-2031	10	0	Bioengineers and Biomedical Engineers
17-2041	0	0	Chemical Engineers
17-2051	0	0	Civil Engineers
17-2061	10	0	Computer Hardware Engineers
17-2071	0	0	Electrical Engineers
17-2072	10	0	Electronics Engineers, Except Computer
17-2081	15	0	Environmental Engineers
17-2111	10	0	Health and Safety Engineers, Except Mining Safety Engineers and Inspectors
17-2112	10	0	Industrial Engineers
17-2121	0	0	Marine Engineers and Naval Architects
17-2131	0	0	Materials Engineers
17-2141	10	0	Mechanical Engineers
17-2151	25	0	Mining and Geological Engineers, Including Mining Safety Engineers
17-2161	15	0	Nuclear Engineers
17-2171	0	0	Petroleum Engineers
17-3011	0	0	Architectural and Civil Drafters
17-3012	10	0	Electrical and Electronics Drafters
17-3013	0	0	Mechanical Drafters
17-3021	10	0	Aerospace Engineering and Operations Technologists and Technicians
17-3022	15	0	Civil Engineering Technologists and Technicians
17-3023	0	0	Electrical and Electronic Engineering Technologists and Technicians
17-3024	15	0	Electro-Mechanical and Mechatronics Technologists and Technicians
17-3025	30	0	Environmental Engineering Technologists and Technicians
17-3026	10	0	Industrial Engineering Technologists and Technicians
17-3027	0	0	Mechanical Engineering Technologists and Technicians
17-3031	20	15	Surveying and Mapping Technicians
19-1011	10	10	Animal Scientists
19-1012	0	0	Food Scientists and Technologists
19-1013	10	10	Soil and Plant Scientists
19-1021	0	0	Biochemists and Biophysicists
19-1022	20	20	Microbiologists
19-1023	25	10	Zoologists and Wildlife Biologists
19-1031	0	0	Conservation Scientists
19-1032	20	10	Foresters
19-1041	45	45	Epidemiologists
19-1042	0	0	Medical Scientists, Except Epidemiologists
19-2011	0	0	Astronomers
19-2012	10	0	Physicists
19-2021	0	0	Atmospheric and Space Scientists
19-2031	10	0	Chemists
19-2032	15	15	Materials Scientists
19-2041	20	20	Environmental Scientists and Specialists, Including Health
19-2042	30	30	Geoscientists, Except Hydrologists and Geographers
19-2043	15	15	Hydrologists
19-3011	20	10	Economists
19-3022	45	45	Survey Researchers
19-3032	15	15	Industrial-Organizational Psychologists
19-3041	55	55	Sociologists
19-3051	10	10	Urban and Regional Planners
19-3091	15	0	Anthropologists and Archeologists
19-3092	20	20	Geographers
19-3093	20	15	Historians
19-3094	0	0	Political Scientists
19-4012 | 19-4013	25	0	Agricultural and Food Science Technicians
19-4021	35	35	Biological Technicians
19-4031	10	10	Chemical Technicians
19-4042	15	15	Environmental Science and Protection Technicians, Including Health
19-4043 | 19-4044	40	0	Geological Technicians, Except Hydrologic Technicians
19-4051	10	10	Nuclear Technicians
19-4061	25	25	Social Science Research Assistants
19-4071	0	0	Forest and Conservation Technicians
19-4092	10	10	Forensic Science Technicians
19-5011	15	0	Occupational Health and Safety Specialists
19-5012	0	0	Occupational Health and Safety Technicians
21-1012	10	0	Educational, Guidance, and Career Counselors and Advisors
21-1013	10	0	Marriage and Family Therapists
21-1015	10	0	Rehabilitation Counselors
21-1011 | 21-1014	10	0	Substance Abuse, Behavioral Disorder, and Mental Health Counselors
21-1021	10	0	Child, Family, and School Social Workers
21-1022	20	0	Healthcare Social Workers
21-1023	10	0	Mental Health and Substance Abuse Social Workers
21-1091	0	0	Health Education Specialists
21-1092	0	0	Probation Officers and Correctional Treatment Specialists
21-1093	10	0	Social and Human Service Assistants
21-1094 | 21-1099	15	0	Community Health Workers
21-2011	0	0	Clergy
21-2021	0	0	Directors, Religious Activities and Education
23-1011	0	0	Lawyers
23-1012	15	15	Judicial Law Clerks
23-1021	35	35	Administrative Law Judges, Adjudicators, and Hearing Officers
23-1022	15	0	Arbitrators, Mediators, and Conciliators
23-1023	10	10	Judges, Magistrate Judges, and Magistrates
23-2011	25	25	Paralegals and Legal Assistants
23-2093	25	0	Title Examiners, Abstractors, and Searchers
25-1194	20	0	Career/Technical Education Teachers, Postsecondary
25-2011	0	0	Preschool Teachers, Except Special Education
25-3011	0	0	Adult Basic Education, Adult Secondary Education, and English as a Second Language Instructors
25-3021	0	0	Self-Enrichment Teachers
25-4011	0	0	Archivists
25-4012	15	15	Curators
25-4013	15	15	Museum Technicians and Conservators
25-4022	10	0	Librarians and Media Collections Specialists
25-4031	10	0	Library Technicians
25-9021	0	0	Farm and Home Management Educators
25-9031	0	0	Instructional Coordinators
27-1011	0	0	Art Directors
27-1012	25	0	Craft Artists
27-1013	0	0	Fine Artists, Including Painters, Sculptors, and Illustrators
27-1014	0	0	Special Effects Artists and Animators
27-1021	0	0	Commercial and Industrial Designers
27-1022	0	0	Fashion Designers
27-1023	0	0	Floral Designers
27-1024	0	0	Graphic Designers
27-1025	0	0	Interior Designers
27-1026	0	0	Merchandise Displayers and Window Trimmers
27-1027	20	0	Set and Exhibit Designers
27-2012	0	0	Producers and Directors
27-2032	0	0	Choreographers
27-2041	0	0	Music Directors and Composers
27-3011	0	0	Broadcast Announcers and Radio Disc Jockeys
27-3023	0	0	News Analysts, Reporters, and Journalists
27-3031	0	0	Public Relations Specialists
27-3041	0	0	Editors
27-3042	10	10	Technical Writers
27-3043	0	0	Writers and Authors
27-3091	10	0	Interpreters and Translators
27-3092	60	60	Court Reporters and Simultaneous Captioners
27-4011	0	0	Audio and Video Technicians
27-4012	0	0	Broadcast Technicians
27-4014	0	0	Sound Engineering Technicians
27-4021	0	0	Photographers
27-4031	0	0	Camera Operators, Television, Video, and Film
27-4032	0	0	Film and Video Editors
29-1011	10	0	Chiropractors
29-1021	0	0	Dentists, General
29-1022	0	0	Oral and Maxillofacial Surgeons
29-1023	0	0	Orthodontists
29-1024	0	0	Prosthodontists
29-1031	0	0	Dietitians and Nutritionists
29-1041	10	0	Optometrists
29-1051	15	0	Pharmacists
29-1071	10	0	Physician Assistants
29-1081	0	0	Podiatrists
29-1122	0	0	Occupational Therapists
29-1123	10	0	Physical Therapists
29-1124	10	0	Radiation Therapists
29-1125	10	0	Recreational Therapists
29-1126	10	0	Respiratory Therapists
29-1127	10	0	Speech-Language Pathologists
29-1128 | 29-1129	15	0	Exercise Physiologists
29-1131	30	0	Veterinarians
29-1141 | 29-1151 | 29-1161 | 29-1171	15	0	Registered Nurses
29-1181	0	0	Audiologists
29-1211	0	0	Anesthesiologists
29-1212 | 29-1213 | 29-1214 | 29-1217 | 29-1222 | 29-1224 | 29-1229 | 29-1241	10	0	Cardiologists; Dermatologists; Emergency Medicine Physicians; Neurologists; Ophthalmologists, Except Pediatric; Physicians, Pathologists; Radiologists
29-1215	0	0	Family Medicine Physicians
29-1216	0	0	General Internal Medicine Physicians
29-1218	10	0	Obstetricians and Gynecologists
29-1221	0	0	Pediatricians, General
29-1223	10	0	Psychiatrists
29-1242 | 29-1243 | 29-1249	0	0	Orthopedic Surgeons, Except Pediatric; Pediatric Surgeons
29-1292	10	0	Dental Hygienists
29-2011 | 29-2012	20	0	Clinical Laboratory Technologists and Technicians
29-2031	0	0	Cardiovascular Technologists and Technicians
29-2032	10	10	Diagnostic Medical Sonographers
29-2033	0	0	Nuclear Medicine Technologists
29-2034 | 29-2035	10	10	Radiologic Technologists and Technicians
29-2042 | 29-2043	20	0	Emergency Medical Technicians and Paramedics
29-2051	10	0	Dietetic Technicians
29-2052	25	0	Pharmacy Technicians
29-2053	15	0	Psychiatric Technicians
29-2055	10	0	Surgical Technologists
29-2056	20	10	Veterinary Technologists and Technicians
29-2061	15	0	Licensed Practical and Licensed Vocational Nurses
29-2081	0	0	Opticians, Dispensing
29-2091	40	0	Orthotists and Prosthetists
31-1121 | 31-1122	0	0	Home Health and Personal Care Aides
31-1131 | 31-1132	10	0	Nursing Assistants
31-1133	0	0	Psychiatric Aides
31-2011	0	0	Occupational Therapy Assistants
31-2012	0	0	Occupational Therapy Aides
31-2021	10	0	Physical Therapist Assistants
31-2022	10	0	Physical Therapist Aides
31-9011	0	0	Massage Therapists
31-9091	0	0	Dental Assistants
31-9092	35	0	Medical Assistants
31-9093	0	0	Medical Equipment Preparers
31-9094	20	20	Medical Transcriptionists
31-9095	20	0	Pharmacy Aides
31-9096	15	0	Veterinary Assistants and Laboratory Animal Caretakers
31-9097 | 31-9099	50	0	Phlebotomists
33-1011	0	0	First-Line Supervisors of Correctional Officers
33-1012	0	0	First-Line Supervisors of Police and Detectives
33-1021	15	0	First-Line Supervisors of Firefighting and Prevention Workers
33-1091 | 33-1099	10	0	Miscellaneous First-Line Supervisors, Protective Service Workers
33-2011	10	0	Firefighters
33-2021	15	15	Fire Inspectors and Investigators
33-2022	45	45	Forest Fire Inspectors and Prevention Specialists
33-3011	25	0	Bailiffs
33-3012	0	0	Correctional Officers and Jailers
33-3021	40	40	Detectives and Criminal Investigators
33-3031	15	15	Fish and Game Wardens
33-3041	10	0	Parking Enforcement Workers
33-3051	15	0	Police and Sheriff's Patrol Officers
33-3052	10	0	Transit and Railroad Police
33-9011	0	0	Animal Control Workers
33-9021	20	0	Private Detectives and Investigators
33-9031	30	0	Gambling Surveillance Officers and Gambling Investigators
33-9032	0	0	Security Guards
33-9091	0	0	Crossing Guards and Flaggers
33-9092	0	0	Lifeguards, Ski Patrol, and Other Recreational Protective Service Workers
33-9093	0	0	Transportation Security Screeners
33-9094 | 33-9099	0	0	Protective Service Workers, All Other; School Bus Monitors
35-1011	0	0	Chefs and Head Cooks
35-1012	0	0	First-Line Supervisors of Food Preparation and Serving Workers
35-2011	0	0	Cooks, Fast Food
35-2012	0	0	Cooks, Institution and Cafeteria
35-2014	0	0	Cooks, Restaurant
35-2015	0	0	Cooks, Short Order
35-2021	0	0	Food Preparation Workers
35-3011	0	0	Bartenders
35-3023	0	0	Fast Food and Counter Workers
35-3031	0	0	Waiters and Waitresses
35-3041	0	0	Food Servers, Nonrestaurant
35-9011	0	0	Dining Room and Cafeteria Attendants and Bartender Helpers
35-9021	0	0	Dishwashers
35-9031	0	0	Hosts and Hostesses, Restaurant, Lounge, and Coffee Shop
37-1011	0	0	First-Line Supervisors of Housekeeping and Janitorial Workers
37-1012	0	0	First-Line Supervisors of Landscaping, Lawn Service, and Groundskeeping Workers
37-2011	0	0	Janitors and Cleaners, Except Maids and Housekeeping Cleaners
37-2012	0	0	Maids and Housekeeping Cleaners
37-2021	0	0	Pest Control Workers
37-3011	0	0	Landscaping and Groundskeeping Workers
37-3012	0	0	Pesticide Handlers, Sprayers, and Applicators, Vegetation
37-3013	0	0	Tree Trimmers and Pruners
39-1013	0	0	First-Line Supervisors of Entertainment and Recreation Workers
39-2011	0	0	Animal Trainers
39-2021	0	0	Animal Caretakers
39-3011	0	0	Gambling Dealers
39-3012	10	0	Gambling and Sports Book Writers and Runners
39-3021	0	0	Motion Picture Projectionists
39-3031	0	0	Ushers, Lobby Attendants, and Ticket Takers
39-3091	0	0	Amusement and Recreation Attendants
39-3092	0	0	Costume Attendants
39-3093	0	0	Locker Room, Coatroom, and Dressing Room Attendants
39-4011	0	0	Embalmers
39-4021	10	0	Funeral Attendants
39-5011	0	0	Barbers
39-5012	0	0	Hairdressers, Hairstylists, and Cosmetologists
39-5091	0	0	Makeup Artists, Theatrical and Performance
39-5092	0	0	Manicurists and Pedicurists
39-5093	0	0	Shampooers
39-5094	0	0	Skincare Specialists
39-6011	0	0	Baggage Porters and Bellhops
39-6012	0	0	Concierges
39-9011	0	0	Childcare Workers
39-9031	0	0	Exercise Trainers and Group Fitness Instructors
39-9032	0	0	Recreation Workers
39-9041	0	0	Residential Advisors
41-1011	0	0	First-Line Supervisors of Retail Sales Workers
41-1012	0	0	First-Line Supervisors of Non-Retail Sales Workers
41-2011	0	0	Cashiers
41-2012	0	0	Gambling Change Persons and Booth Cashiers
41-2021	0	0	Counter and Rental Clerks
41-2022	15	0	Parts Salespersons
41-2031	0	0	Retail Salespersons
41-3011	0	0	Advertising Sales Agents
41-3021	0	0	Insurance Sales Agents
41-3031	0	0	Securities, Commodities, and Financial Services Sales Agents
41-3041	0	0	Travel Agents
41-3091	0	0	Sales Representatives of Services, Except Advertising, Insurance, Financial Services, and Travel
41-4011	0	0	Sales Representatives, Wholesale and Manufacturing, Technical and Scientific Products
41-4012	0	0	Sales Representatives, Wholesale and Manufacturing, Except Technical and Scientific Products
41-9011	0	0	Demonstrators and Product Promoters
41-9012	0	0	Models
41-9021	0	0	Real Estate Brokers
41-9022	0	0	Real Estate Sales Agents
41-9031	15	0	Sales Engineers
41-9041	0	0	Telemarketers
41-9091	15	0	Door-to-Door Sales Workers, News and Street Vendors, and Related Workers
43-1011	15	0	First-Line Supervisors of Office and Administrative Support Workers
43-2011	10	0	Switchboard Operators, Including Answering Service
43-2021	0	0	Telephone Operators
43-3011	15	0	Bill and Account Collectors
43-3021	35	0	Billing and Posting Clerks
43-3031	25	25	Bookkeeping, Accounting, and Auditing Clerks
43-3041	10	0	Gambling Cage Workers
43-3051	30	30	Payroll and Timekeeping Clerks
43-3061	15	15	Procurement Clerks
43-3071	0	0	Tellers
43-4011	40	0	Brokerage Clerks
43-4021	30	0	Correspondence Clerks
43-4031	30	30	Court, Municipal, and License Clerks
43-4041	25	0	Credit Authorizers, Checkers, and Clerks
43-4051	15	0	Customer Service Representatives
43-4061	25	25	Eligibility Interviewers, Government Programs
43-4071	45	45	File Clerks
43-4081	0	0	Hotel, Motel, and Resort Desk Clerks
43-4111	15	15	Interviewers, Except Eligibility and Loan
43-4121	0	0	Library Assistants, Clerical
43-4131	15	0	Loan Interviewers and Clerks
43-4141	0	0	New Accounts Clerks
43-4151	20	0	Order Clerks
43-4161	25	0	Human Resources Assistants, Except Payroll and Timekeeping
43-4171	15	0	Receptionists and Information Clerks
43-4181	0	0	Reservation and Transportation Ticket Agents and Travel Clerks
43-5011	0	0	Cargo and Freight Agents
43-5021	0	0	Couriers and Messengers
43-5031	10	0	Public Safety Telecommunicators
43-5032	15	0	Dispatchers, Except Police, Fire, and Ambulance
43-5041	15	15	Meter Readers, Utilities
43-5051	0	0	Postal Service Clerks
43-5052	0	0	Postal Service Mail Carriers
43-5053	0	0	Postal Service Mail Sorters, Processors, and Processing Machine Operators
43-5061	15	0	Production, Planning, and Expediting Clerks
43-5071	15	0	Shipping, Receiving, and Inventory Clerks
43-5111	70	0	Weighers, Measurers, Checkers, and Samplers, Recordkeeping
43-6011	15	0	Executive Secretaries and Executive Administrative Assistants
43-6012	30	30	Legal Secretaries and Administrative Assistants
43-6013	30	30	Medical Secretaries and Administrative Assistants
43-6014	25	0	Secretaries and Administrative Assistants, Except Legal, Medical, and Executive
43-9021	95	90	Data Entry Keyers
43-9022	20	20	Word Processors and Typists
43-9031	15	0	Desktop Publishers
43-9041	20	20	Insurance Claims and Policy Processing Clerks
43-9051	15	0	Mail Clerks and Mail Machine Operators, Except Postal Service
43-9061	25	0	Office Clerks, General
43-9071	0	0	Office Machine Operators, Except Computer
43-9081	0	0	Proofreaders and Copy Markers
43-9111	20	0	Statistical Assistants
45-1011	0	0	First-Line Supervisors of Farming, Fishing, and Forestry Workers
45-2011	10	10	Agricultural Inspectors
45-2021	80	0	Animal Breeders
45-2041	0	0	Graders and Sorters, Agricultural Products
45-2091	10	0	Agricultural Equipment Operators
45-2092	0	0	Farmworkers and Laborers, Crop, Nursery, and Greenhouse
45-2093	15	0	Farmworkers, Farm, Ranch, and Aquacultural Animals
45-4011	0	0	Forest and Conservation Workers
45-4021	0	0	Fallers
45-4022	0	0	Logging Equipment Operators
45-4023	25	0	Log Graders and Scalers
47-1011	0	0	First-Line Supervisors of Construction Trades and Extraction Workers
47-2011	0	0	Boilermakers
47-2021	35	0	Brickmasons and Blockmasons
47-2022	0	0	Stonemasons
47-2031	0	0	Carpenters
47-2041	0	0	Carpet Installers
47-2042	10	0	Floor Layers, Except Carpet, Wood, and Hard Tiles
47-2043	0	0	Floor Sanders and Finishers
47-2044	0	0	Tile and Stone Setters
47-2051	0	0	Cement Masons and Concrete Finishers
47-2053	0	0	Terrazzo Workers and Finishers
47-2061	0	0	Construction Laborers
47-2071	0	0	Paving, Surfacing, and Tamping Equipment Operators
47-2072	10	0	Pile Driver Operators
47-2073	0	0	Operating Engineers and Other Construction Equipment Operators
47-2081	0	0	Drywall and Ceiling Tile Installers
47-2082	10	0	Tapers
47-2111	0	0	Electricians
47-2121	0	0	Glaziers
47-2131	0	0	Insulation Workers, Floor, Ceiling, and Wall
47-2132	0	0	Insulation Workers, Mechanical
47-2141	0	0	Painters, Construction and Maintenance
47-2142	0	0	Paperhangers
47-2151	0	0	Pipelayers
47-2152	0	0	Plumbers, Pipefitters, and Steamfitters
47-2161	0	0	Plasterers and Stucco Masons
47-2171	0	0	Reinforcing Iron and Rebar Workers
47-2181	0	0	Roofers
47-2211	0	0	Sheet Metal Workers
47-2221	0	0	Structural Iron and Steel Workers
47-2231 | 47-4091 | 47-4099	0	0	Miscellaneous Construction and Related Workers; Solar Photovoltaic Installers
47-3011	0	0	Helpers--Brickmasons, Blockmasons, Stonemasons, and Tile and Marble Setters
47-3012	0	0	Helpers--Carpenters
47-3013	0	0	Helpers--Electricians
47-3014	0	0	Helpers--Painters, Paperhangers, Plasterers, and Stucco Masons
47-3015	0	0	Helpers--Pipelayers, Plumbers, Pipefitters, and Steamfitters
47-3016	0	0	Helpers--Roofers
47-4011	60	60	Construction and Building Inspectors
47-4021	10	0	Elevator and Escalator Installers and Repairers
47-4031	0	0	Fence Erectors
47-4041	0	0	Hazardous Materials Removal Workers
47-4051	0	0	Highway Maintenance Workers
47-4061	0	0	Rail-Track Laying and Maintenance Equipment Operators
47-4071	0	0	Septic Tank Servicers and Sewer Pipe Cleaners
47-5011	0	0	Derrick Operators, Oil and Gas
47-5012	0	0	Rotary Drill Operators, Oil and Gas
47-5013	0	0	Service Unit Operators, Oil and Gas
47-5022	0	0	Excavating and Loading Machine and Dragline Operators, Surface Mining
47-5041	10	0	Continuous Mining Machine Operators
47-5043	0	0	Roof Bolters, Mining
47-5044	0	0	Loading and Moving Machine Operators, Underground Mining
47-5051	0	0	Rock Splitters, Quarry
47-5071	0	0	Roustabouts, Oil and Gas
47-5081	0	0	Helpers--Extraction Workers
49-1011	0	0	First-Line Supervisors of Mechanics, Installers, and Repairers
49-2011	0	0	Computer, Automated Teller, and Office Machine Repairers
49-2021	0	0	Radio, Cellular, and Tower Equipment Installers and Repairers
49-2022	0	0	Telecommunications Equipment Installers and Repairers, Except Line Installers
49-2091	0	0	Avionics Technicians
49-2092	10	0	Electric Motor, Power Tool, and Related Repairers
49-2093	0	0	Electrical and Electronics Installers and Repairers, Transportation Equipment
49-2094	0	0	Electrical and Electronics Repairers, Commercial and Industrial Equipment
49-2095	20	0	Electrical and Electronics Repairers, Powerhouse, Substation, and Relay
49-2096	0	0	Electronic Equipment Installers and Repairers, Motor Vehicles
49-2097	0	0	Audiovisual Equipment Installers and Repairers
49-2098	0	0	Security and Fire Alarm Systems Installers
49-3011	0	0	Aircraft Mechanics and Service Technicians
49-3021	0	0	Automotive Body and Related Repairers
49-3022	0	0	Automotive Glass Installers and Repairers
49-3023	0	0	Automotive Service Technicians and Mechanics
49-3031	10	0	Bus and Truck Mechanics and Diesel Engine Specialists
49-3041	0	0	Farm Equipment Mechanics and Service Technicians
49-3042	0	0	Mobile Heavy Equipment Mechanics, Except Engines
49-3043	0	0	Rail Car Repairers
49-3051	0	0	Motorboat Mechanics and Service Technicians
49-3052	0	0	Motorcycle Mechanics
49-3053	0	0	Outdoor Power Equipment and Other Small Engine Mechanics
49-3091	0	0	Bicycle Repairers
49-3092	0	0	Recreational Vehicle Service Technicians
49-3093	0	0	Tire Repairers and Changers
49-9011	0	0	Mechanical Door Repairers
49-9012	0	0	Control and Valve Installers and Repairers, Except Mechanical Door
49-9021	0	0	Heating, Air Conditioning, and Refrigeration Mechanics and Installers
49-9031	0	0	Home Appliance Repairers
49-9041	0	0	Industrial Machinery Mechanics
49-9043	0	0	Maintenance Workers, Machinery
49-9044	0	0	Millwrights
49-9045	85	0	Refractory Materials Repairers, Except Brickmasons
49-9051	0	0	Electrical Power-Line Installers and Repairers
49-9052	0	0	Telecommunications Line Installers and Repairers
49-9061	95	0	Camera and Photographic Equipment Repairers
49-9062	25	0	Medical Equipment Repairers
49-9063	0	0	Musical Instrument Repairers and Tuners
49-9064	0	0	Watch and Clock Repairers
49-9071	0	0	Maintenance and Repair Workers, General
49-9081 | 49-9099	0	0	Installation, Maintenance, and Repair Workers, All Other; Wind Turbine Service Technicians
49-9091	0	0	Coin, Vending, and Amusement Machine Servicers and Repairers
49-9092	0	0	Commercial Divers
49-9094	10	0	Locksmiths and Safe Repairers
49-9095	10	0	Manufactured Building and Mobile Home Installers
49-9096	0	0	Riggers
49-9097	0	0	Signal and Track Switch Repairers
49-9098	0	0	Helpers--Installation, Maintenance, and Repair Workers
51-1011	0	0	First-Line Supervisors of Production and Operating Workers
51-2011	0	0	Aircraft Structure, Surfaces, Rigging, and Systems Assemblers
51-2021	0	0	Coil Winders, Tapers, and Finishers
51-2022 | 51-2023	0	0	Electrical, Electronic, and Electromechanical Assemblers, Except Coil Winders, Tapers, and Finishers
51-2031	0	0	Engine and Other Machine Assemblers
51-2041	0	0	Structural Metal Fabricators and Fitters
51-2051	0	0	Fiberglass Laminators and Fabricators
51-2061	10	0	Timing Device Assemblers and Adjusters
51-2092 | 51-2099	30	0	Miscellaneous Assemblers and Fabricators
51-3011	0	0	Bakers
51-3021	0	0	Butchers and Meat Cutters
51-3022	0	0	Meat, Poultry, and Fish Cutters and Trimmers
51-3023	30	0	Slaughterers and Meat Packers
51-3091	20	0	Food and Tobacco Roasting, Baking, and Drying Machine Operators and Tenders
51-3092	0	0	Food Batchmakers
51-3093	20	0	Food Cooking Machine Operators and Tenders
51-4021	0	0	Extruding and Drawing Machine Setters, Operators, and Tenders, Metal and Plastic
51-4022	10	0	Forging Machine Setters, Operators, and Tenders, Metal and Plastic
51-4023	0	0	Rolling Machine Setters, Operators, and Tenders, Metal and Plastic
51-4031	0	0	Cutting, Punching, and Press Machine Setters, Operators, and Tenders, Metal and Plastic
51-4032	0	0	Drilling and Boring Machine Tool Setters, Operators, and Tenders, Metal and Plastic
51-4033	0	0	Grinding, Lapping, Polishing, and Buffing Machine Tool Setters, Operators, and Tenders, Metal and Plastic
51-4034	0	0	Lathe and Turning Machine Tool Setters, Operators, and Tenders, Metal and Plastic
51-4035	0	0	Milling and Planing Machine Setters, Operators, and Tenders, Metal and Plastic
51-4041	0	0	Machinists
51-4051	15	0	Metal-Refining Furnace Operators and Tenders
51-4052	0	0	Pourers and Casters, Metal
51-4061	0	0	Model Makers, Metal and Plastic
51-4062	0	0	Patternmakers, Metal and Plastic
51-4071	0	0	Foundry Mold and Coremakers
51-4072	0	0	Molding, Coremaking, and Casting Machine Setters, Operators, and Tenders, Metal and Plastic
51-4081	0	0	Multiple Machine Tool Setters, Operators, and Tenders, Metal and Plastic
51-4111	0	0	Tool and Die Makers
51-4121	0	0	Welders, Cutters, Solderers, and Brazers
51-4122	0	0	Welding, Soldering, and Brazing Machine Setters, Operators, and Tenders
51-4191	0	0	Heat Treating Equipment Setters, Operators, and Tenders, Metal and Plastic
51-4192	0	0	Layout Workers, Metal and Plastic
51-4193	0	0	Plating Machine Setters, Operators, and Tenders, Metal and Plastic
51-4194	0	0	Tool Grinders, Filers, and Sharpeners
51-5111	15	0	Prepress Technicians and Workers
51-5112	0	0	Printing Press Operators
51-5113	10	0	Print Binding and Finishing Workers
51-6011	0	0	Laundry and Dry-Cleaning Workers
51-6021	0	0	Pressers, Textile, Garment, and Related Materials
51-6031	0	0	Sewing Machine Operators
51-6041	0	0	Shoe and Leather Workers and Repairers
51-6042	0	0	Shoe Machine Operators and Tenders
51-6051	0	0	Sewers, Hand
51-6052	0	0	Tailors, Dressmakers, and Custom Sewers
51-6061	15	0	Textile Bleaching and Dyeing Machine Operators and Tenders
51-6062	15	0	Textile Cutting Machine Setters, Operators, and Tenders
51-6063	15	0	Textile Knitting and Weaving Machine Setters, Operators, and Tenders
51-6064	0	0	Textile Winding, Twisting, and Drawing Out Machine Setters, Operators, and Tenders
51-6091	0	0	Extruding and Forming Machine Setters, Operators, and Tenders, Synthetic and Glass Fibers
51-6092	0	0	Fabric and Apparel Patternmakers
51-6093	0	0	Upholsterers
51-7011	0	0	Cabinetmakers and Bench Carpenters
51-7021	0	0	Furniture Finishers
51-7031	15	0	Model Makers, Wood
51-7032	0	0	Patternmakers, Wood
51-7041	15	0	Sawing Machine Setters, Operators, and Tenders, Wood
51-7042	0	0	Woodworking Machine Setters, Operators, and Tenders, Except Sawing
51-8011	10	0	Nuclear Power Reactor Operators
51-8012	0	0	Power Distributors and Dispatchers
51-8013	30	0	Power Plant Operators
51-8021	0	0	Stationary Engineers and Boiler Operators
51-8031	0	0	Water and Wastewater Treatment Plant and System Operators
51-8091	0	0	Chemical Plant and System Operators
51-8092	20	0	Gas Plant Operators
51-8093	0	0	Petroleum Pump System Operators, Refinery Operators, and Gaugers
51-9011	15	0	Chemical Equipment Operators and Tenders
51-9012	0	0	Separating, Filtering, Clarifying, Precipitating, and Still Machine Setters, Operators, and Tenders
51-9021	20	0	Crushing, Grinding, and Polishing Machine Setters, Operators, and Tenders
51-9022	0	0	Grinding and Polishing Workers, Hand
51-9023	20	0	Mixing and Blending Machine Setters, Operators, and Tenders
51-9031	0	0	Cutters and Trimmers, Hand
51-9032	10	0	Cutting and Slicing Machine Setters, Operators, and Tenders
51-9041	0	0	Extruding, Forming, Pressing, and Compacting Machine Setters, Operators, and Tenders
51-9051	0	0	Furnace, Kiln, Oven, Drier, and Kettle Operators and Tenders
51-9061	10	0	Inspectors, Testers, Sorters, Samplers, and Weighers
51-9071	0	0	Jewelers and Precious Stone and Metal Workers
51-9081	0	0	Dental Laboratory Technicians
51-9082	0	0	Medical Appliance Technicians
51-9083	45	0	Ophthalmic Laboratory Technicians
51-9111	0	0	Packaging and Filling Machine Operators and Tenders
51-9123	0	0	Painting, Coating, and Decorating Workers
51-9124	0	0	Coating, Painting, and Spraying Machine Setters, Operators, and Tenders
51-9141	10	0	Semiconductor Processing Technicians
51-9151	15	0	Photographic Process Workers and Processing Machine Operators
51-9161	0	0	Computer Numerically Controlled Tool Operators
51-9162	0	0	Computer Numerically Controlled Tool Programmers
51-9191	15	0	Adhesive Bonding Machine Operators and Tenders
51-9192	0	0	Cleaning, Washing, and Metal Pickling Equipment Operators and Tenders
51-9193	0	0	Cooling and Freezing Equipment Operators and Tenders
51-9194	0	0	Etchers and Engravers
51-9195	0	0	Molders, Shapers, and Casters, Except Metal and Plastic
51-9196	0	0	Paper Goods Machine Setters, Operators, and Tenders
51-9197	0	0	Tire Builders
51-9198	0	0	Helpers--Production Workers
53-1041	0	0	Aircraft Cargo Handling Supervisors
53-1042 | 53-1043 | 53-1044 | 53-1049	0	0	First-Line Supervisors of Transportation and Material Moving Workers, Except Aircraft Cargo Handling Supervisors
53-2021	0	0	Air Traffic Controllers
53-2022	15	15	Airfield Operations Specialists
53-3011	0	0	Ambulance Drivers and Attendants, Except Emergency Medical Technicians
53-3031	0	0	Driver/Sales Workers
53-3032	0	0	Heavy and Tractor-Trailer Truck Drivers
53-3033	0	0	Light Truck Drivers
53-3052	0	0	Bus Drivers, Transit and Intercity
53-4011	0	0	Locomotive Engineers
53-4013	0	0	Rail Yard Engineers, Dinkey Operators, and Hostlers
53-4022	0	0	Railroad Brake, Signal, and Switch Operators and Locomotive Firers
53-4031	0	0	Railroad Conductors and Yardmasters
53-4041	0	0	Subway and Streetcar Operators
53-5011	15	0	Sailors and Marine Oilers
53-5021	0	0	Captains, Mates, and Pilots of Water Vessels
53-5022	0	0	Motorboat Operators
53-5031	0	0	Ship Engineers
53-6011	25	0	Bridge and Lock Tenders
53-6021	0	0	Parking Attendants
53-6031	0	0	Automotive and Watercraft Service Attendants
53-6032 | 53-6099	0	0	Aircraft Service Attendants
53-6041	25	25	Traffic Technicians
53-6051	10	0	Transportation Inspectors
53-6061	0	0	Passenger Attendants
53-7011	0	0	Conveyor Operators and Tenders
53-7021	0	0	Crane and Tower Operators
53-7031	0	0	Dredge Operators
53-7041	0	0	Hoist and Winch Operators
53-7051	0	0	Industrial Truck and Tractor Operators
53-7061	0	0	Cleaners of Vehicles and Equipment
53-7062	0	0	Laborers and Freight, Stock, and Material Movers, Hand
53-7063	0	0	Machine Feeders and Offbearers
53-7064	0	0	Packers and Packagers, Hand
53-7065	0	0	Stockers and Order Fillers
53-7071	0	0	Gas Compressor and Gas Pumping Station Operators
53-7072	15	0	Pump Operators, Except Wellhead Pumpers
53-7073	0	0	Wellhead Pumpers
53-7081	15	0	Refuse and Recyclable Material Collectors
53-7121	0	0	Tank Car, Truck, and Ship Loaders
