industry	account	line	level	1997	1998	1999	2000	2001	2002	2003	2004	2005	2006	2007	2008	2009	2010	2011	2012	2013	2014	2015	2016	2017	2018	2019	2020	2021	2022	2023
        Gross domestic product	GDP	1	-1	193398.02531412797	212250.7777552451	230818.26326945366	256246.88881660782	278112.8018657172	286551.6226464233	308081.2813724885	317633.73866807093	343799.69581379986	379156.96351478883	394017.1664090402	398025.28664468497	380971.98831306526	390237.997955673	412534.80383613124	437766.3303467757	457284.1270677622	481757.4679047922	511729.01446976734	534067.8396193618	562774.8579015296	596045.7089315457	622548.1417607602	644773.4840393004	719689.0182933165	770851.213167271	815413.1372926475
Private industries	PVT	2	0	140385.60247647116	155437.79599839303	169007.314864033	188774.41648237366	204901.41266433217	208835.31696726521	223345.5361961909	233163.34363194418	254187.44094006106	276430.3605510547	290347.50174421276	291107.47894258285	285344.3711380421	289184.94679368864	307962.45783863857	334048.90765677736	349150.3209413966	369570.19433591905	395933.89586120564	415331.632425651	440872.7153758717	468095.93914121186	495854.16622090095	508962.79989592417	575789.5316226998	623759.4130541574	661589.5040600445
    Agriculture, forestry, fishing, and hunting	11	3	1	148.2311597201686	151.4530765519606	170.34435862530069	195.31316635335392	177.07282430996736	208.78136930875976	227.9288748224491	270.42396355938666	281.0351918311678	560.008014385218	337.9535460214392	324.01201752672114	311.64022567029804	323.07016520388515	370.8059979175896	414.8061082045031	380.91448419437177	403.7578769810902	435.3030398589141	446.82354915395825	384.51084624494365	379.0492895656756	368.1455657460972	391.90041961795555	452.60365525361294	497.22516735750287	636.9743325217225
        Farms	111CA	4	2	0.0	0.0	0.0	0.0	0.0	0.0	0.0	0.0	0.0	0.0	0.0	0.0	0.0	0.0	0.0	0.0	0.0	0.0	0.0	0.0	0.0	0.0	0.0	0.0	0.0	0.0	0.0
        Forestry, fishing, and related activities	113FF	5	2	148.2311597201686	151.4530765519606	170.34435862530069	195.31316635335392	177.07282430996736	208.78136930875976	227.9288748224491	270.42396355938666	281.0351918311678	560.008014385218	337.9535460214392	324.01201752672114	311.64022567029804	323.07016520388515	370.8059979175896	414.8061082045031	380.91448419437177	403.7578769810902	435.3030398589141	446.82354915395825	384.51084624494365	379.0492895656756	368.1455657460972	391.90041961795555	452.60365525361294	497.22516735750287	636.9743325217225
    Mining	21	6	1	1269.130217516817	1323.0406527875898	1337.5482746417708	1558.0693864705563	1752.9350203409833	1664.1263517156622	1762.6015390266516	1978.1673841010447	2449.559504652028	3104.1513713303075	3368.8853238421425	3869.06905051426	3253.935063489955	3303.45882553771	3736.5454786438613	4580.729587809913	4820.299475234035	5223.856456326614	5008.169527056421	4622.14990200868	4422.962070173813	4999.509245026379	4562.387454739794	3704.719170643939	3185.2304613204064	3523.840200685279	3784.533583304437
        Oil and gas extraction	211	7	2	798.9861338788415	822.1358122818408	845.3437722604526	1103.7988242206484	1337.7145233762228	1215.9988744527113	1292.3869912220362	1490.7556291188948	1795.7063551173594	2222.286612549151	2435.17454481878	2901.703199409793	2466.6264159921343	2449.5537084583852	2716.701379773637	3335.6288213024113	3568.1702757187104	3794.681376635849	3795.561653043266	3650.2999775844587	3185.1953144180616	3512.401053917678	3164.11057256672	2733.136314902351	1963.4998145581908	2174.4104066052837	2292.604905629291
        Mining, except oil and gas	212	8	2	210.66633288854862	219.4829313053716	218.91814674800506	209.0595452569129	207.2158005157188	192.65141440920064	211.38178819213286	214.2667237594194	229.35743975318138	276.0952759447543	277.8462008455337	283.60063662160695	258.98297783537845	280.53388995415935	292.59122090070196	298.212846473704	298.63359724829303	326.6447810840284	355.0759197941433	290.0812587467809	311.44050514397594	337.81290181104663	333.9444379287736	300.4469463672981	378.9404899659769	436.920346063373	466.01251815881386
        Support activities for mining	213	9	2	259.47775074942695	281.4219092003773	273.2863556333132	245.2110169929949	208.0046964490419	255.47606285375022	258.83275961248245	273.1450312227305	424.4957097814874	605.7694828364023	655.8645781778289	683.7652144828602	528.3256696624425	573.3712271251653	727.252877969522	946.8879200337976	953.4956022670309	1102.530298606736	857.5319542190131	681.7686656774412	926.326250611776	1149.2952892976543	1064.3324442443	671.1359093742898	842.7901567962385	912.5094480166222	1025.9161595163323
    Utilities	22	10	1	1151.1413905618067	1207.3044145483689	1359.9826396568571	1767.3002496457837	1996.5377359442118	2081.161363105486	2132.712917392737	2017.4297585627912	1965.3314022832155	2143.262862195276	2261.2387725967974	2509.9724853234134	2522.4786123845624	2483.31720912526	2584.2032272465217	2550.643943338994	2708.727168831365	2921.682401360343	3083.6162863969357	3395.5843905864604	3436.8705707444205	3441.35812166093	3520.3757659376356	3529.3792241640926	3709.8312259180766	3882.0409550083036	4102.526867934412
    Construction	23	11	1	3852.5908799521403	4321.225569519732	4848.142370841213	5289.670590958076	5479.868411632639	5775.6534308842	6258.610971457361	7025.822930838297	7873.59920111299	8578.883131449378	8812.68335608498	8408.716317704484	7566.573097473439	7257.438183101471	7539.264764959407	7960.02103866114	8429.690718896636	9231.464939360076	9899.154282878671	10344.157042125813	10893.448185226303	11631.56298635225	12505.676765480437	11771.171105553844	13687.823372444362	16527.186276455584	17592.280081624544
    Manufacturing	31G	12	1	17341.627229804457	18806.939252659507	20237.418418135458	23162.15701792028	23190.780497180378	20885.075930568353	22523.98982882684	24066.79089516896	25142.731474928558	26363.929212816496	27562.56347471929	27641.733383889754	25822.926611289044	27156.42443070303	29192.24044354636	30881.87903692195	31404.870618752397	33698.11591154996	35818.14986362264	35939.324835989966	37731.798874258486	40269.62664696412	42056.05576209685	41634.64924142767	43662.42229444991	48449.48952291652	53479.46300255817
        Durable goods	33DG	13	2	11614.461582032145	12710.75759992542	13788.902360687562	16046.329193482494	15862.650978409769	13831.534698277646	15018.007777267678	16429.34980211232	17233.893418871456	18234.28187303308	19140.910447240265	19055.47579581487	17804.605699230357	18831.9654898252	20778.055311970864	21850.809826080356	21955.260587798664	23742.761358573833	25511.283065668533	25718.900698698777	27079.64436969676	29248.872733889795	30545.171760960027	29988.571379645426	31424.460663614038	34222.67225762759	38822.50946643247
            Wood products	321	14	3	316.0468158789389	346.68999393007084	376.5132329354642	405.8321140267935	409.92679246362337	367.6560038374744	382.18886013464356	396.585287042682	426.68386450714405	429.80036376515636	437.64092778090526	395.6730303780853	310.9816963696507	308.2217451422274	323.9111562308539	329.8074214659696	333.2776282036536	352.09164684094964	360.1242023846589	363.4439456711945	386.4014247056254	431.1793343420225	467.70998192394416	445.72971923951997	525.3903470979834	583.9453610920783	652.2957646948746
            Nonmetallic mineral products	327	15	3	377.0741855552381	404.06814210562	435.97401915658696	490.1020242793439	477.1471974276521	483.78372337132816	498.29683578417985	499.69956537847713	509.3158888746303	534.3195501648221	543.678673138183	541.9920848909528	446.67934581400226	475.8654817556537	482.4654049963349	506.652885668913	490.14958472210066	529.862981432054	568.2713686208796	603.6701989484062	619.3288017388148	639.1912327953155	686.0725150460178	651.0933172421123	678.923725604677	801.2187359040412	857.9279226564133
            Primary metals	331	16	3	503.59910554254435	529.3736253997812	551.3595460964568	566.1839489701431	512.2714984766143	444.7119088413592	458.8495445529242	501.9061505638266	528.9168515589616	565.7243265175164	546.4973040489123	550.7095410734078	439.20891474093736	488.0165115654678	583.2980455481529	619.5713133360919	608.3824302085671	625.1901281294842	688.7083671531403	650.0526128056654	684.2941197412922	755.4401532921564	747.714718408912	680.5207993406547	823.2559087098249	907.1666995326863	1013.1667389641889
            Fabricated metal products	332	17	3	1223.3891104377813	1313.0914579412452	1382.7356433200243	1503.2310066081643	1520.0505647642058	1547.4173651044193	1663.1104431966728	1712.652426414677	1828.0915839118263	1937.2369841029833	2044.2587100779392	2117.330267067085	1830.1704632489123	1848.3180196009553	2047.9103144609037	2193.230223310517	2215.888290020938	2341.3635559942277	2504.4790575583847	2337.27209129283	2480.656360903439	2719.3302887605714	2788.9267279795513	2547.391462522064	2797.2936110507985	3207.9784570359097	3473.3276066197454
            Machinery	333	18	3	1401.775679690529	1488.1317348109606	1553.5575236858292	1720.7659707270552	1689.7149142412586	1649.1246713370133	1690.649869518005	1743.1604893158462	1814.6529546310483	1926.957081305184	2066.870052712826	2089.2210390839914	1851.8233555161166	1973.3292492989376	2326.3652663809034	2528.824479134591	2585.5202660657883	2787.6452622304296	3338.821629393785	2779.742564283982	3088.9887602490194	3391.4976357350247	3656.6609462058595	3347.4352643485713	3607.230370771934	3972.730058777781	4348.797617471237
            Computer and electronic products	334	19	3	4361.804087649309	4823.5728596358595	5389.414417620993	6454.071666936954	6408.548147351496	5029.242926974882	5727.866883800039	6425.136212185501	6916.1587796745125	7285.446769443989	7507.890945464373	7502.4155507473415	7154.196647631526	7677.667743161993	8244.766455499532	8506.507505044996	8132.17393688977	8971.438702576294	9682.53071502572	10231.073189956916	10689.533857049357	11563.304512011959	12302.50029832101	13223.559651426194	13656.24814783879	14127.204313493072	16024.355195451399
            Electrical equipment, appliances, and components	335	20	3	458.4116424456128	488.9925750305517	527.9709112882117	619.5378593518445	617.7862275007535	582.2202250124272	594.7947329498651	648.1664180732233	693.8108748650841	724.5748709077111	767.7544207203645	768.6739745709568	750.0552049217488	781.7160522335861	866.953253286186	910.8725460766667	974.6785810192852	997.3634509110527	1007.9938186885984	1057.6705875022694	1163.407559576428	1209.0796961264514	1272.2763909665696	1205.281573567478	1478.6139152085473	1493.0879002993163	1611.5935075203581
            Motor vehicles, bodies and trailers, and parts	3361MV	21	3	888.52015612421	1026.9912603477105	1142.0394490629164	1304.9194209313982	1187.0606324253454	955.0495220665497	1069.6745285147542	995.7879275497693	1007.1347041770889	1023.4330178070387	1083.70671291927	960.9391990015603	613.4801166014801	823.4854921605013	960.8804442850868	1088.4274781962797	1176.6542623568114	1315.3138017029576	1371.6908806711565	1591.577753292723	1669.8623560310912	1647.6759636732133	1455.1072092747158	1336.7800608705104	1467.1774728372832	1859.394847490286	2621.9548287265043
            Other transportation equipment	3364OT	22	3	855.0772316606331	941.3852510914523	988.8662641812183	1340.767015788236	1349.2857348365783	1306.7191112826806	1344.508545253934	1821.9046933653335	1789.3306113785115	2047.7285744274259	2299.658240668448	2303.8542296993464	2664.663387367945	2731.9695159417633	3111.098296024165	3210.0457548473614	3394.3272691515385	3648.2607817362577	3679.858116557399	3766.6502210985045	3879.0494133515595	4277.751542759566	4426.0572614857265	3927.154726267449	3568.59149794579	4155.358934717296	4769.666760322997
            Furniture and related products	337	23	3	328.11092983688735	360.531231908843	393.6460807496962	430.2794743867729	439.9641598413204	397.8565294732063	434.27196087012504	449.33271503059444	424.92803635421603	422.0530474051162	426.5513705596276	402.9770809437209	336.30072583502596	322.83560557594615	350.0164027322111	360.7250179431255	390.58409849439585	395.48178534076766	432.5727305538715	434.8177154504828	470.0974761399925	509.2782077568032	516.5806789451368	493.10616310530753	546.3776241456964	595.8721408200132	625.2642415733626
            Miscellaneous manufacturing	339	24	3	900.6526372104636	987.9294677233248	1046.8252725901623	1210.6386914757882	1250.8951090809223	1067.7527109763075	1153.7955726925356	1235.0179171923896	1294.86926893843	1337.0072871861373	1416.403089149419	1421.6897983584217	1407.0458411830111	1400.5400733881672	1480.3902725265352	1596.1452010558462	1653.6242406658148	1778.7492616793556	1876.2321790609396	1902.9298183958024	1948.0242402101412	2105.144166636709	2225.5650324025805	2130.51864171556	2275.3580424027105	2518.714808465115	2824.1592824313893
        Nondurable goods	31ND	25	2	5727.165647772313	6096.181652734086	6448.516057447898	7115.827824437784	7328.129518770607	7053.541232290709	7505.982051559164	7637.441093056643	7908.838056057103	8129.647339783418	8421.653027479022	8586.257588074885	8018.320912058686	8324.458940877832	8414.185131575496	9031.069210841593	9449.610030953732	9955.354552976127	10306.866797954108	10220.424137291191	10652.154504561722	11020.753913074323	11510.884001136816	11646.077861782249	12237.961630835875	14226.817265288924	14656.953536125702
            Food and beverage and tobacco products	311FT	26	3	995.3791002920229	1092.40114297222	1159.927403412627	1356.1298538098972	1394.5823027285014	1294.0265952316279	1479.877234604048	1467.1349312445175	1465.6141452019046	1470.5751613755774	1563.3515788326843	1630.5814393733685	1612.6439139349695	1616.1962844238142	1687.9117038757695	1791.8493431853074	1900.282203351614	2002.3222235057806	2242.779903077279	2206.8118185420635	2352.109403865791	2453.936738431095	2618.626204099091	2721.6402375278485	2850.758095282779	3379.651663395371	3474.750381874575
            Textile mills and textile product mills	313TT	27	3	318.48944152266023	333.9378126670948	340.80248838280136	342.92610176981975	318.9717353074172	333.1652845864415	332.0185737297122	315.34141000409346	303.01103667007857	280.92311814573674	304.29095022139984	284.9834278230736	246.7787208167109	239.02779404007464	231.14020593906096	236.15389476389643	253.3106209181715	283.10159999942067	292.89405133570557	286.9060884482153	286.8683895582735	318.70629293959627	324.2982225698821	292.0658682339177	320.39465429074613	338.4253390935177	317.80660144860934
            Apparel and leather and allied products	315AL	28	3	404.2229168812864	416.5649065618856	405.8027527955405	380.7277395598989	333.79455504229304	302.96751156304	307.8774281952627	295.8373054485256	281.9611372751058	281.109710449063	258.52053086667223	265.7285675317043	248.87822254590571	275.62767412757813	263.3610098752684	298.5840414050568	289.97395954706803	295.43815063771234	282.70281610980277	273.44369518869087	264.92273652255574	241.19026430044124	264.130831169104	229.5266236142923	202.5310027998529	324.54631930218346	292.2768311686334
            Paper products	322	29	3	494.45512374255907	510.5717462738309	538.6121662127866	592.4016082110049	581.2570671125741	564.8382295252426	578.6169711239877	559.3975115295808	569.7003367755178	570.1432409278116	562.6201166850273	581.7813435263405	549.7019113327668	574.7226415896378	609.9369888801616	623.4922731051894	662.3580085031405	684.7377532276595	705.9309764776865	679.3012216142973	681.4998760248398	680.9718592705375	726.1949252247286	699.9102400914427	719.6771677022197	794.3608778519781	848.1745978154897
            Printing and related support activities	323	30	3	752.9937848166699	800.4951556840012	836.9366239984275	847.6006582974197	893.3323870375448	788.4156395006859	808.3021652123583	885.708849040759	904.6963900772655	950.9917964599861	943.7638823772802	896.4459590350226	753.0263491850923	718.1857013663074	706.303109747902	712.6753090982934	742.1844785259651	751.203603430126	719.9858449507262	728.3515216245117	745.1292270530602	763.6690651899517	785.5670724337384	722.8235313073426	847.8434781129534	952.2484909833966	909.2637172344143
            Petroleum and coal products	324	31	3	329.1784732165011	339.6023547562196	362.76788875977195	391.4562782675425	395.297677366018	292.9786490188691	315.6412546488735	293.26690895425867	316.8894458543579	359.14735099466554	312.4799808222141	432.10261754844686	356.0805109919395	373.5143523081638	392.7851699265626	506.91606897227814	538.5396029626334	533.4943076950119	535.0132415952372	529.6690497484627	522.7919236205985	545.5995020479754	624.0621824498122	561.8375734926649	541.3800237126475	614.7033937317074	644.6269638227174
            Chemical products	325	32	3	1889.8119916331557	2012.39427373143	2163.425012888792	2535.5684857346832	2723.722357215805	2767.477876557447	2955.1554224098736	3099.6809569725915	3344.7579354831623	3444.2620413417476	3682.6448158923035	3696.388958346745	3573.733920221807	3803.648025767451	3739.8225920511936	4024.5704173859335	4178.656810601993	4436.969168515851	4505.929437292726	4408.894835055006	4627.621372924753	4747.823842672606	4914.907611162272	5170.771152443504	5413.349521657928	6300.89501536758	6574.99019865693
            Plastics and rubber products	326	33	3	542.6348156674574	590.2142600874037	640.2417209971501	669.0170987875182	687.1714369604538	709.671446307355	728.4930016350472	721.0732198623159	722.2076287197112	772.4949200888292	793.9811717814412	798.2452748901833	677.4773630294943	723.5364672548038	782.9243512795765	836.8278629256376	884.3043465431477	968.0877459645656	1021.6305271149444	1107.045907069944	1171.2115749918496	1268.8563482221195	1253.0969520281865	1247.502635071236	1342.02768727675	1521.9861655631905	1595.0642441043326
    Wholesale trade	42	34	1	6250.843578298944	6954.450114998292	7452.050407653825	8555.703181668652	9021.368362487856	9136.04603250728	9527.46725287614	10326.822087549725	10953.626452294995	11928.956418949037	13970.010751593609	14081.810807577851	12859.863198216406	12866.367040881312	14322.132792807011	15251.555831750886	15758.178143455938	16377.631247872632	17161.17506462022	17720.758606717034	19147.334122530705	20022.904332053055	21707.998831311725	21507.490594141986	23934.743417338737	26802.59595257205	28892.34892432993
    Retail trade	44RT	35	1	4818.85704794734	5246.38233247397	5635.007779400421	6126.2985895671345	6481.345958969225	6245.397268854372	6527.753561581044	6725.553490194028	7222.245587454323	7566.076401303273	7644.117984835821	7925.021576746685	7004.880180473492	6866.236326171058	6848.103706290676	7180.973984249851	7358.627102038268	7416.384265143485	7855.256471607428	8109.777480000766	8382.834281522377	8294.757446792992	8769.100174620971	9532.019665601825	9878.2948993895	10601.562623063202	11803.351378081843
        Motor vehicle and parts dealers	441	36	2	1131.5187931721318	1231.8817479112934	1335.688227783416	1453.8197669543006	1583.8936759386947	1741.3860625160598	1886.8887883196514	2017.5987805561674	2200.5670876613763	2174.9940239114217	2181.8688921931316	2051.497533410994	1786.852132854279	1891.0246334226983	2052.061074327563	2137.6398832927016	2169.8967413932305	2177.0579279460726	2294.414866279587	2357.4197151490544	2571.2759101373026	2689.0064266034165	2741.4327090745383	2578.476390325974	3411.650729278311	3932.9004673047334	4164.530656239365
        Food and beverage stores	445	37	2	589.8498323110169	642.2229037779665	671.285562792172	658.552250537509	711.9033682308684	579.5351703140093	596.0022832870661	671.5017755373098	742.634317187975	719.0781857784864	735.6514592681502	754.6954969649493	722.9119742647416	710.475958838808	693.271918679331	706.3067299943752	734.2489505560892	771.2803193364439	867.6992046816067	843.6989347606295	799.3704202227077	736.6998085575278	684.1797236681775	649.0574928924278	577.3330242349597	808.9237804191619	792.4891932547786
        General merchandise stores	452	38	2	265.8431262219705	289.43809554545294	306.39479437357676	342.3053351059155	370.12364131181283	337.83987272618896	321.1703661294625	361.9136318810996	437.1366051269103	438.76027580967605	413.7102263776141	493.3865176682876	535.6217926551632	515.0350489866287	509.72931789384324	455.0504709898211	459.01839909740283	446.43660364035264	472.4684247029561	519.295759148793	527.0924980656301	489.7441847584035	386.344719915021	288.95625596762864	192.92037521933005	472.2253687289255	711.0398083224295
        Other retail	4A0	39	2	2831.6452962422204	3082.8395852392573	3321.639194451256	3671.621236969409	3815.425273487849	3586.636163298114	3723.692123844864	3674.539302219451	3841.907577478062	4233.243915803689	4312.887406996924	4625.442028702455	3959.494280699309	3749.700684922923	3593.0413953899383	3881.9768999729536	3995.463010991545	4021.609414220616	4220.673975943278	4389.36307094229	4485.0954530967365	4379.307026873644	4957.143021963235	6015.529526415795	5696.390770656901	5387.513006610381	6135.291720265271
    Transportation and warehousing	48TW	40	1	1893.1780353324646	2087.4362721241464	2254.78333449827	2743.374819122344	3061.9814476859838	3061.604851466126	3227.102945102857	3432.4530449072518	3522.4059515594886	3614.8418890330768	4103.283349982762	4039.4080827849866	4147.06391700913	4028.320664329167	4182.645321613536	4624.485178194206	5035.614238175953	5304.279571357917	5437.73821929795	5704.024328706246	6072.098175523865	6480.282069885334	7215.034107735311	6992.610639651579	7003.751975448967	9030.851586970024	10003.015043611915
        Air transportation	481	41	2	198.87365741235712	228.26832525207476	260.4593808004043	364.64996549529394	503.6525187138629	619.6430584952594	639.4446088713809	529.3479037253477	562.9651021211886	538.1091443054786	709.1066390141017	777.2352158083897	723.7398955678714	731.175026656548	830.7601821564873	1034.4078799334306	1142.5910205361151	1087.7628869260548	842.6780047901057	840.0950045177495	928.8502977271559	1233.7742004419556	1430.189328651532	1101.4020424175765	829.4266490320213	1234.5872654553082	1914.5078864380944
        Rail transportation	482	42	2	70.64313131593673	77.80008935953192	83.03395997272055	95.28013002087754	114.26771496907699	85.71008431126916	120.57093812940909	100.40980526526789	113.91082492363856	143.08230496731423	183.42409779299925	247.96946981611387	207.77326047133016	212.82152338421818	228.5246885274327	273.3773233520962	243.34673726501805	268.43229294441915	249.89323708996397	229.97297613139872	272.456739154345	311.77914194170216	311.6824020981434	414.6199875817139	340.2485345796246	416.94483002477773	379.7934155716769
        Water transportation	483	43	2	30.504288767592463	30.364854204591	33.19915808396379	39.03688195252467	49.563773849753645	93.65389829481246	95.05476307829066	113.16346772194517	84.54729555885238	92.91157563414811	93.03272296913727	144.1257474898931	135.69810235625621	134.88294039983714	134.26020666843786	123.92969368716052	142.7509396957887	168.36168918013553	163.17406331090348	142.3017353944603	112.34998854949184	121.81258734746038	154.7060750677442	177.98121461176677	144.4914236761656	217.05289511095148	255.33495272543485
        Truck transportation	484	44	2	539.2893299135261	597.7282260798884	667.3732258857714	759.6632588702973	783.5238784695366	871.4784187479614	826.5302353878153	913.738696634771	945.552051593742	980.7168678876363	1032.2294737446414	1049.505361415419	991.644176086696	968.8571465479381	980.957728124735	1091.740176846121	1102.7106216425886	1186.0984633872574	1273.6302422248702	1401.8490333456098	1448.347017423307	1582.3002729608454	1708.076981726063	1665.9159664098706	1873.6623048383817	2405.348637826539	2292.6627677222045
        Transit and ground passenger transportation	485	45	2	77.55022396876502	81.041016843792	93.69004885634808	88.96022855512676	99.76894275475722	111.36321562567687	125.80893939165307	134.06696166315655	129.7588479961987	142.7003162550991	145.13340020587788	159.24820576100694	154.39440604872246	166.40487824354233	143.7983689256122	134.31790510631856	147.94647603317466	179.70524944833016	195.39079741230088	228.88227881244194	240.3097754341008	253.11010417423466	356.8147319660255	265.72215450022856	378.0439989253503	391.2059939236309	792.3823399252669
        Pipeline transportation	486	46	2	119.4072797093957	124.29850292511873	137.99275964650056	175.68125882132895	175.32591510996326	115.00593371683313	110.65515429078745	138.5995528862752	141.17144533950318	151.02669062382603	145.19177460118897	159.7337932774136	156.6705293464755	175.99842290992174	202.3031391707458	242.41270836837546	234.9987571902627	245.93034490445055	288.21254395813907	255.58760022742297	306.67919053138417	318.8794525798674	292.43769692059294	273.9535974996424	201.62067841769294	340.3952679196308	357.2470258390709
        Other transportation and support activities	487OS	47	2	613.4534271114826	683.3628379636707	721.4017254538436	892.7914063134048	964.0316481650462	788.3937135079478	900.2008545691906	1027.8171998340342	1095.8566829944132	1119.4665746951116	1279.4727945976447	970.7397908320996	1236.03240905227	1143.3674480587797	1190.2863491103574	1225.701238347601	1535.047405421498	1626.980556124312	1840.434392853525	1914.8283589630137	2057.786054548876	1960.6679686230605	2220.7281252078196	2297.353369548079	2363.54046408191	2893.2794258251247	2828.319526422389
        Warehousing and storage	493	48	2	243.45669713340877	264.5724194954788	257.6330757987181	327.31168909349	371.84705565398684	376.35652876636556	408.83745138432994	475.309457176454	448.6437010319518	446.82841466446257	515.6924470571705	530.8504983846512	541.1111380795082	494.8132781283816	471.75465892972784	498.59825255310255	486.2222803915075	541.0080884429582	584.3249376581417	690.5073413141495	705.3191121552055	697.9583418162073	740.3987660973906	795.6623070827004	872.71792189782	1132.0372708840614	1182.7671289677774
    Information	51	49	1	7440.900447327658	8689.178551513618	10141.09967399656	11237.199586761933	13137.118380963551	13882.400518887662	14708.82682503846	14298.975819522555	14286.975208308015	15185.601922179556	15131.260800278302	15436.886222912632	14913.707156504901	14630.182579185423	16354.583525761565	18168.84891402129	20679.205751193513	23116.409378227305	26331.28801123484	28287.145675862204	32043.70537799269	35008.851734538985	37900.8173967744	41949.82289661303	56257.17769748384	52151.636907401014	61875.150987763984
        Publishing industries, except internet (includes software)	511	50	2	2881.4887261422	3455.468950918856	4089.577620970173	4768.2835468045	4779.282533544573	4833.484596952441	5125.374029231763	4946.7477093234365	5159.370181409007	5346.779473352154	5924.849709200967	5959.314341893241	6023.215769712171	5864.560135446242	6648.884542777641	7306.029239321445	7980.7105081351965	9084.714328177835	10290.288480603025	10974.995328324978	11942.053686584117	13069.158794394607	14772.882105432825	17080.61766451804	21481.77730243509	9583.33063417137	15422.31023962468
        Motion picture and sound recording industries	512	51	2	368.4700847322658	389.1541931199979	390.0737416463182	549.5390198578888	610.8666822929387	859.0884399266986	888.9048739601722	573.7360127636298	526.0945288951609	809.0820304657456	738.2816324785183	814.7996143860695	591.8148927071585	680.1908692453516	751.1625054793572	872.8317026759129	684.6022966103118	820.5861845959454	1038.8734018918296	1039.5336344247692	1241.8521514983318	1277.0655674065208	1208.1323036024205	1026.5592177153687	2109.0104136407585	1589.7983508679474	1572.2573615941978
        Broadcasting and telecommunications	513	52	2	2275.0534409115576	2556.674295060774	3026.853819122837	3470.583729002617	3659.1618732907855	3892.2942489889365	4226.160791539995	4075.0886140861126	3759.0345460375142	3591.67373773595	3775.2632047381762	3909.9009006667725	3816.8245812840432	3398.185528565113	3533.5936451909856	3780.5338867369005	4216.393552203559	4613.333004539649	4635.753138688089	4961.64124088145	5458.998388667593	5518.820109003516	5322.735799879772	4842.557823792821	4847.465952669788	12704.287928523787	13494.329021488697
        Data processing, internet publishing, and other information services	514	53	2	1915.8881955416346	2287.881112413991	2634.5944922572317	2448.793291096928	4087.8072918352545	4297.533233019585	4468.387130306529	4703.403483349376	4842.475951966333	5438.066680625707	4692.866253860641	4752.871365966547	4481.85191280153	4687.246045928716	5420.942832313582	6209.454085287032	7797.4993942444435	8597.775860913876	10366.372990051896	11310.975472231006	13400.80115124265	15143.807263734343	16597.067187859382	19000.0881905868	27818.92402873821	28274.219993837913	31386.25436505641
    Finance, insurance, real estate, rental, and leasing	FIRE	54	1	22622.44084047605	25183.00984922342	26781.255834606054	28535.626949306614	32412.478307689027	33309.85662729578	34522.58470013339	36629.61702133187	42378.358398649165	46335.38276038256	45719.955240668845	37689.26631263197	41554.003781180465	43225.97821711441	43807.79520101569	49521.46559735231	51533.040077222875	53790.0793375769	58363.28516326955	64363.66309335295	70152.9613081186	73773.64121228893	77175.48654835005	87206.00571861773	93735.85675057536	97820.70551060744	102610.39949787065
        Finance and insurance	52	55	2	20690.80437147026	23027.085734016087	24361.86407266368	25704.66373090534	29654.11758321225	30220.779314338895	30972.75213502882	32783.23990959565	38180.58873353276	41806.7852603642	41214.7093598753	33296.463797420816	37346.81635099599	38929.60735311277	39378.33468858302	44593.20981074413	46205.66897571627	48226.71734508516	52067.32715434091	57584.656209349465	62843.52484904039	65650.18961866229	68740.64947232911	78629.7390420412	83596.45622515361	86258.91077046977	91355.1494891966
            Federal Reserve banks, credit intermediation, and related activities	521CI	56	3	6434.764060921207	7416.112574241434	8075.910105133815	7937.274236023743	8929.621043600257	10017.051443416673	10769.559966525316	11165.153280326522	11895.65234962565	11183.541687558856	12932.288201629422	13072.24266354668	11760.27772081792	12089.643992069527	12790.022282614973	13330.561362700444	13890.6039112854	14578.210343123588	15878.523144516668	17490.58450176711	19252.04040143411	21253.863659308237	23025.259248298968	25562.256805046098	28254.499674054572	29130.871912239607	30572.261205890874
            Securities, commodity contracts, and investments	523	57	3	5268.834543269497	5710.907847403665	5767.540672614094	6650.0681549689425	8951.23483711357	8261.738484090603	7536.927020994243	8464.032719631443	11594.366799221443	12547.311376823047	12383.425781774951	4070.315257966152	10601.84092237025	10878.89368640776	9384.179148516192	13003.930905406422	13793.082427363515	13423.299948317015	14147.091107997605	16448.79987283663	18189.448989443157	18143.669079898074	18687.52548524206	24131.141684592483	25367.950415575124	24621.460294968434	25006.047852594882
            Insurance carriers and related activities	524	58	3	8922.069122516437	9825.574285796163	10436.749250611821	11025.91247244501	11680.83013557152	11821.9031835361	12540.395255725436	13003.777768581314	14521.73537542232	17891.795611980808	15834.92564632205	16093.898630141332	14927.876585948517	15893.638890433018	17148.982246131807	18203.51421647896	18465.74218050395	20122.422740322923	21904.120814860467	23425.535017250175	25166.933656598776	26247.183573153812	27019.519915157052	28931.34859759997	29555.40722604068	31893.76957437041	34997.161552356025
            Funds, trusts, and other financial vehicles	525	59	3	65.13664476311716	74.4910265748255	81.66404430395144	91.40886746764673	92.4315669269052	120.0862032955162	125.86989178382349	150.27614105636601	168.83420926333773	184.1365840014894	64.06973014887735	60.00724576665683	56.82112185930769	67.43078420246377	55.151011320038776	55.20332615830126	56.2404565634046	102.7843133216361	137.59208696616085	219.73681749555533	235.10180156434942	5.473306302174369	8.344823631030614	4.99195480265414	418.5989094832336	612.8089888913245	779.6788783548179
        Real estate and rental and leasing	53	60	2	1931.636469005788	2155.9241152073323	2419.3917619423755	2830.9632184012717	2758.360724476776	3089.077312956887	3549.832565104569	3846.3771117362166	4197.769665116405	4528.597500018362	4505.245880793548	4392.8025152111495	4207.187430184475	4296.37086400164	4429.460512432671	4928.255786608184	5327.371101506604	5563.361992491733	6295.958008928648	6779.00688400349	7309.436459078207	8123.451593626635	8434.837076020936	8576.266676576535	10139.400525421746	11561.794740137677	11255.25000867405
            Real estate	531	61	3	1477.978345748267	1648.290599261236	1859.770179089566	2224.3153407836057	2126.811785552102	2468.056520254693	2953.9251092214563	3248.3498352273027	3562.6263137119927	3849.403419197079	3820.554416266203	3715.026156790873	3556.0442239962726	3584.160994431333	3709.690650524226	4139.744299580066	4507.218757232207	4724.863349543346	5389.188959799896	5861.960610557376	6339.029172125181	7080.613329767266	7251.331902129708	7457.319118976198	8969.037820142297	10225.944813098062	9933.108561766265
            Rental and leasing services and lessors of intangible assets	532RL	62	3	453.6581232575212	507.6335159460964	559.6215828528098	606.6478776176657	631.5489389246742	621.0207927021938	595.9074558831124	598.0272765089137	635.1433514044128	679.1940808212825	684.6914645273453	677.7763584202767	651.1432061882018	712.2098695703069	719.7698619084449	788.511487028119	820.1523442743962	838.4986429483873	906.769049128752	917.046273446114	970.4072869530263	1042.8382638593691	1183.5051738912289	1118.9475576003363	1170.362705279449	1335.8499270396155	1322.1414469077843
    Professional and business services	PROF	63	1	53719.344632028005	60085.6860674315	65584.87396393789	73420.73434914161	78829.34580539246	81744.15354241873	88038.9368249966	93576.42467149037	103402.39002616917	113814.7619464637	121720.32223791539	127274.83559813564	122116.78987484024	123484.9224010798	132934.6762849077	144668.60294845933	150703.95878580835	159721.71730894514	171544.95242166633	178673.43004325565	188399.47282527274	200525.9893148306	214465.0609041703	217945.0816836704	248154.858973159	273401.1006594974	280914.8804473162
        Professional, scientific, and technical services	54	64	2	40447.63169304145	44968.39779811812	48942.672644334656	55234.490328616565	60631.497957057436	58512.997009715174	63855.753163624555	69077.10993973364	76458.75415642091	84513.5065853346	89595.16582361601	95014.82517825402	90790.4216380401	91196.91835940276	98192.67942369185	107137.54133751718	111744.66944359484	117416.14869787151	126171.92178927902	131756.62394743128	137871.77290014722	148644.1119241998	159049.83248302928	161716.0900088404	182658.9291222504	200494.03111035185	205163.85069427654
            Legal services	5411	65	3	11540.437117859195	12485.243313399416	12794.564547583956	13994.504857491096	15669.179920450217	14791.772145196961	16289.997603563419	17219.498657440618	18518.704630669166	19802.113304530536	20000.907184952383	21007.875239188215	19496.532754135256	18262.346165721756	19262.36227975947	19924.23245927086	21084.941724535503	21100.31822843631	20921.23153718379	21711.905232133944	22517.141812723763	24230.264221430025	24605.765431613494	23927.946629178696	25935.89143505524	26159.96120078881	26579.287272058078
            Computer systems design and related services	5415	66	3	6425.967443209346	7418.7102710352565	8803.42281093206	10638.304844806475	11105.566501211268	9595.844775361129	11099.186975174343	11863.822634042295	13771.884150832893	15072.698550504037	16501.779437987705	17806.792563491355	17338.845183081143	18201.34064746002	20220.663947589932	22903.050525135895	23985.659948711156	26111.025230803534	28951.02720232042	31201.354796950098	33601.07855002054	36039.56321334284	40366.722544709344	43062.73980888138	53689.4801145034	61113.533214190036	61122.555521979535
            Miscellaneous professional, scientific, and technical services	5412OP	67	3	22481.227131972908	25064.444213683448	27344.685285818636	30601.680626318997	33856.75153539595	34125.380089157086	36466.568584886794	39993.788648250724	44168.16537491884	49638.694730300034	53092.47920067592	56200.157375574454	53955.04370082371	54733.23154622098	58709.65319634245	64310.25835311041	66674.06777034818	70204.80523863167	76299.66304977481	78843.36391834724	81753.55253740292	88374.28448942695	94077.34450670646	94725.40357078033	103033.55757269177	113220.53669537301	117462.00790023892
        Management of companies and enterprises	55	68	2	4201.8931464370135	4819.326021795282	5281.909965287376	6213.895531832263	6602.770633836128	11433.181064727598	12587.139503695416	13204.962798894052	14364.977428695784	15959.662523974608	17831.97107473044	18111.3310387379	17485.062284984597	19457.60466667728	20611.124076667023	22717.28441702868	23654.566920510057	25583.93137124228	27624.155245396556	28521.982191115578	30431.399588027292	32041.583419862483	34049.842511474526	35313.09457986462	40175.87091133279	42772.0942975596	44932.30844227937
        Administrative and waste management services	56	69	2	9069.819792549551	10297.962247518095	11360.291354315861	11972.348488692782	11595.077214498882	11797.975467975959	11596.04415767663	11294.351932862688	12578.658441052481	13341.592837154492	14293.185339568934	14148.67938114373	13841.305951815528	12830.39937499976	14130.87278454883	14813.777193913465	15304.722421703449	16721.637239831354	17748.87538699075	18394.823904708777	20096.30033709822	19840.293970768318	21365.385909666493	20915.8970949654	25320.058939575807	30134.975251585958	30818.7213107603
            Administrative and support services	561	70	3	8862.779008122121	10074.72635606065	11119.609318509933	11709.70189367549	11301.90744175733	11450.885026282105	11226.721754846436	10930.278775588826	12210.403277831352	12916.841854087228	13848.922993965522	13699.874130949616	13410.377097044919	12266.42246964475	13601.394709273118	14221.06127787587	14700.72720926797	16083.60843147885	17189.000893293407	17802.259680431518	19394.066219035565	19083.25787656023	20610.514675062022	20140.76172669596	24498.670424304462	29229.56604931029	29856.990945479636
            Waste management and remediation services	562	71	3	207.0407844274299	223.2358914574461	240.68203580592856	262.6465950172913	293.1697727415526	347.09044169385436	369.3224028301938	364.0731572738621	368.2551632211286	424.75098306726375	444.2623456034127	448.80525019411374	430.92885477060963	563.9769053550099	529.4780752757117	592.7159160375961	603.9952124354792	638.0288083525063	559.8744936973403	592.564224277259	702.2341180626545	757.0360942080888	754.8712346044689	775.1353682694396	821.3885152713464	905.4092022756655	961.730365280661
    Educational services, health care, and social assistance	6	72	1	14274.148160674342	15172.808295901461	16477.0077065704	18242.240156944525	20799.98967321406	22443.493025716347	24816.913122268776	23831.503160164073	25156.139260900094	27080.485331307835	28991.95850441788	30697.381915954385	32382.01957635591	32833.28573941684	35081.39892605831	36636.786266209325	37888.108393082504	39087.549938378346	40823.51906587778	43010.446842986086	44422.345025121875	46873.901658251234	48729.20839264218	47547.982885261474	53412.46788007339	58085.65830467893	62579.67676660554
        Educational services	61	73	2	1438.4232669218418	1601.2043587372561	1778.5363155479447	1982.1440406501467	2229.165743502158	2648.0614661000277	2931.875714695471	3291.6769897620434	3603.4405174548547	3999.6851561281533	4307.1149146734215	4627.758095045765	5528.534373084017	5385.062851568839	6639.1657272114835	6896.940766354861	7298.544043608065	7755.395634895866	8091.401133644205	8786.766270873928	8969.006187872841	9455.248426269058	9803.427558461484	9612.457260121122	10046.639516360805	10551.674299905226	11196.993442889034
        Health care and social assistance	62	74	2	12835.7248937525	13571.603937164205	14698.471391022455	16260.096116294377	18570.8239297119	19795.431559616318	21885.037407573305	20539.82617040203	21552.69874344524	23080.80017517968	24684.843589744458	26069.623820908622	26853.48520327189	27448.222887848002	28442.233198846825	29739.845499854462	30589.56434947444	31332.154303482483	32732.117932233574	34223.68057211216	35453.33883724904	37418.65323198218	38925.780834180696	37935.52562514035	43365.828363712586	47533.98400477371	51382.683323716505
            Ambulatory health care services	621	75	3	8331.361804235767	8681.870893416628	9330.467012649086	10326.639759237283	12035.3795849	12609.316910813046	13870.222897893424	12356.467125102678	12859.844710190204	13644.757785062466	14588.79190800942	15168.632768535743	15450.077791643369	16018.42377081614	16375.390392037847	17002.894374325893	17416.35194375922	17957.333763752235	18600.40416396871	19556.882995408487	20284.610685545635	21625.71040481067	22390.587361496247	21302.690140118848	25696.809487898463	28092.70835972836	30636.560152747807
            Hospitals	622HO	76	3	3313.787560349769	3578.0578520586955	3890.2016885292796	4243.944801287123	4770.745950006821	5325.960055717441	5996.790712492264	6145.65129749326	6582.884986069716	7141.563555006093	7710.634424882281	8333.245904415418	8800.304969656472	8863.028933180649	9422.642723844005	9902.302169926697	10241.795245027886	10293.961449102133	10891.808951755942	11193.900353957748	11825.867393397553	12315.255388230467	12776.103860164367	12643.63492471803	13604.184315844515	14692.591467979202	15568.91955821494
            Nursing and residential care facilities	623	77	3	500.5124790068114	540.6530194726683	594.6650310772307	677.1306740689391	736.3141948138074	753.0067968944995	806.8615270251644	818.3685604652247	847.5619049398271	943.0769954096531	941.7890290913963	996.6385239937206	1012.5205589888293	1048.6509702187661	1100.321937063403	1147.1252143698482	1170.4849088777983	1224.0633960990986	1259.729743607342	1358.5213496070764	1346.359399924926	1399.017612823643	1421.5969604635795	1559.8241702682108	1596.0857754974215	1674.1523663296027	1871.7608109132398
            Social assistance	624	78	3	690.0630501601539	771.022172216215	883.1376587668578	1012.3808817010312	1028.3841999912722	1107.1477961913313	1211.1622701624565	1219.3391873408702	1262.4071422454906	1351.4018397014665	1443.6282277613593	1571.1066239637385	1590.5818829832212	1518.1192136324514	1543.8781459015709	1687.5237412320228	1760.9322518095364	1856.7956945290136	1980.175072901579	2114.3758731388507	1996.501358380917	2078.6698261174056	2337.492652056499	2429.3763900352574	2468.74878447218	3074.531810736549	3305.4428018405165
    Arts, entertainment, recreation, accommodation, and food services	7	79	1	1956.9894447628908	2201.550431960746	2481.6142789078685	2915.3452359576195	3305.8364409626665	3188.6886189880242	3481.894593592485	3604.2003569908006	3726.4638843113066	3951.7101654648686	4061.364908833437	4277.1620831951805	3995.588677098777	4078.714066033302	4145.164586590845	4411.79312189615	4876.906763588564	5254.734671940952	5517.883768474846	5711.825650109879	5859.207818011067	6435.753895453715	6445.153490075822	5044.729447437701	7012.523490029343	9086.734829867972	9092.20958335533
        Arts, entertainment, and recreation	71	80	2	1109.4706919520745	1244.6335579186907	1394.5448097419549	1721.6505579640752	1843.8054396805703	1925.6693240885743	2146.3552739627166	2151.1839060564193	2270.208825272599	2477.5132470365434	2496.0786900420317	2675.5805881175866	2529.052390695573	2621.937366393583	2619.8126308038754	2799.037924196053	3180.186415804213	3425.024550526068	3742.5142070207876	3902.5029668909374	4008.415300776242	4215.311794722563	4195.01364641915	3481.579729931852	4628.300025474221	6139.155241221239	6098.978706535618
            Performing arts, spectator sports, museums, and related activities	711AS	81	3	820.9862369054625	914.6766251927834	1029.2035119098146	1330.1833325250252	1398.4572255646567	1443.0256962188857	1624.5656578235582	1608.3906385481996	1691.146230556652	1874.823681122564	1882.7493680982989	2047.7200856775441	1930.1868426384422	2016.5693381092565	1978.7934293576445	2157.5113970669245	2488.545217152563	2628.5080080584976	2924.917366254911	3057.6017661116666	3178.353651003671	3388.634529657128	3319.8986871634283	2768.9338891831476	3611.439347270327	4963.896573238339	4772.890575494162
            Amusements, gambling, and recreation industries	713	82	3	288.48445504661197	329.9569327259074	365.3412978321403	391.4672254390499	445.34821411591366	482.6436278696886	521.7896161391583	542.7932675082197	579.0625947159471	602.6895659139793	613.329321943733	627.8605024400423	598.8655480571313	605.3680282843264	641.0192014462311	641.5265271291288	691.6411986516501	796.5165424675708	817.5968407658768	844.9012007792705	830.061649772571	826.6772650654349	875.1149592557217	712.6458407487046	1016.8606782038944	1175.2586679828992	1326.0881310414563
        Accommodation and food services	72	83	2	847.5187528108162	956.9168740420555	1087.0694691659135	1193.6946779935442	1462.0310012820962	1263.01929489945	1335.5393196297682	1453.0164509343813	1456.2550590387077	1474.196918428325	1565.2862187914054	1601.5814950775944	1466.5362864032043	1456.776699639719	1525.35195578697	1612.7551977000971	1696.7203477843514	1829.7101214148831	1775.3695614540584	1809.3226832189407	1850.7925172348243	2220.442100731152	2250.1398436566724	1563.1497175058494	2384.2234645551216	2947.579588646734	2993.230876819712
            Accommodation	721	84	3	474.8866753488495	536.6248459216746	615.557331564693	733.0140454036555	779.5470298117551	737.9679585078064	775.1727703970199	859.7147466375059	909.707990306284	906.0211400695173	983.3638150435488	1011.3465812788193	936.3783697262269	931.441570440982	997.8079077116302	1031.7835698105343	1059.446090653402	1137.2790698692338	1180.9477816137749	1208.825416091903	1265.43812527403	1352.2007369087144	1464.739146592543	1010.4698529801628	1481.717399465951	1703.789202877076	1594.3297050525157
            Food services and drinking places	722	85	3	372.6320774619667	420.29202812038096	471.51213760122045	460.6806325898889	682.4839714703411	525.0513363916434	560.3665492327483	593.3017042968754	546.5470687324237	568.1757783588077	581.9224037478566	590.2349137987751	530.1579166769774	525.3351291987369	527.5440480753398	580.9716278895629	637.2742571309493	692.4310515456493	594.4217798402834	600.4972671270376	585.3543919607944	868.241363822438	785.4006970641295	552.6798645256864	902.5060650891705	1243.7903857696583	1398.9011717671965
    Other services, except government	81	86	1	3646.179412068069	4007.3311166987173	4246.185822561125	5025.383202555179	5254.75379755915	5208.878035548424	5588.212239075102	5379.159047563044	5826.579395606525	6202.309123794134	6661.903492422026	6932.203087684896	6892.901166055395	6647.230945805949	6862.8975812795325	7196.316099707487	7572.1792209218065	8022.531030898262	8654.404675343148	9002.520984795343	9523.165895129809	9958.751187547614	10433.66506121935	10205.237203520981	11701.945529815326	13898.784557076136	14222.693563165689
Government	G	87	0	53012.422837656806	56812.98175685205	61810.948405420655	67472.47233423416	73211.38920138506	77716.30567915807	84735.74517629755	84470.39503612673	89612.25487373877	102726.60296373411	103669.66466482745	106917.80770210209	95627.6171750232	101053.05116198436	104572.34599749264	103717.42268999835	108133.80612636558	112187.27356887318	115795.1186085617	118736.20719371078	121902.14252565792	127949.76979033393	126693.9755398593	135810.68414337625	143899.48667061672	147091.80011311363	153823.63323260294
    Federal	GF	88	1	11275.589601142075	11738.4078874326	12446.649065130998	13773.191717993515	14314.630292303642	15295.545103289953	17474.437697351175	15471.116838534128	16357.828494967787	23390.177499698326	22490.413307904364	24862.11808078763	27262.892673107184	30252.695789818063	31342.2132724713	31461.275616128154	31010.601035209245	31607.06426051884	31963.86512333801	32661.33690085879	33241.647532476556	34922.44772749824	32567.999086634325	36463.43579431787	40111.140435957655	40400.51945078564	43099.9082746396
    State and local	GSL	89	1	41736.83323651473	45074.57386941945	49364.29934028965	53699.28061624064	58896.75890908141	62420.76057586812	67261.30747894637	68999.2781975926	73254.42637877098	79336.42546403578	81179.25135692308	82055.68962131445	68364.72450191602	70800.3553721663	73230.13272502134	72256.14707387019	77123.20509115634	80580.20930835434	83831.25348522369	86074.87029285199	88660.49499318138	93027.3220628357	94125.97645322497	99347.24834905838	103788.34623465905	106691.28066232798	110723.72495796334
